old_path,new_path,sha256,bytes,moved_at
p1/codex_bulk_c9_comm_probe.py,archive/p1/codex_bulk_c9_comm_probe.py,36e094b5f17426de2329dede5148564aa2d8caf6c5877985587c495d02922b40,249621,2026-09-30T05:09:17.801928+08:00
p1/codex_bulk_c9_comm_probe_verify.py,archive/p1/codex_bulk_c9_comm_probe_verify.py,a1f2089c6fdf0120aaaf958da921430097031ecd9c558b75fcb102270246a38b,4946,2026-09-30T05:09:17.802843+08:00
p1/codex_int6_c9_g64_bk128_draft.py,archive/p1/codex_int6_c9_g64_bk128_draft.py,9070a0bd2f0de953ba0545b24c6ac61f6e0b84f97afa3e89de8d16e9520fbba0,258009,2026-09-30T05:09:17.804189+08:00
p1/codex_int6_c9_g64_bk64.py,archive/p1/codex_int6_c9_g64_bk64.py,6f1af0da8056ee6cf69fd6e8a4258a9c14887a224f96b2241deeac97336f6bd3,256138,2026-09-30T05:09:17.805383+08:00
p1/codex_int6_c9_g64_bk64_audit.md,archive/p1/codex_int6_c9_g64_bk64_audit.md,d92edf96e576b5874eebeaf108b5f822e613841a488854b81a6f2ae56267717f,6320,2026-09-30T05:09:17.806454+08:00
p1/codex_int6_verify.py,archive/p1/codex_int6_verify.py,2faeceb365106e86717dc8ce227d4665abf2e7e3a0dcc2bb3df4ba1feea6d314,7065,2026-09-30T05:09:17.807361+08:00
p1/codex_mddn_fuse_c11.py,archive/p1/codex_mddn_fuse_c11.py,afc7c5d90a37ce856c68e98166a49c38177e9cd92b4effe7bb1d74927afa5aa4,257303,2026-09-30T05:09:17.808507+08:00
p1/codex_mddn_fuse_c11_allcalls.py,archive/p1/codex_mddn_fuse_c11_allcalls.py,c309ce6963cc3a4166a7048d24ce627048d1f1f889caa792fde3a5262ed0f557,257031,2026-09-30T05:09:17.809717+08:00
p1/codex_mddn_fuse_c11_audit.md,archive/p1/codex_mddn_fuse_c11_audit.md,fa412ab96856bc591adbf4ef7e21959aea523aa25b8888c83d6c418b293e57b9,15781,2026-09-30T05:09:17.810605+08:00
p1/codex_mddn_fuse_c11_noinline.py,archive/p1/codex_mddn_fuse_c11_noinline.py,8e42b78fe5a4ed8b7b383188077bab5ad2c23bae9c203c64b6a1462f9a69d94e,256734,2026-09-30T05:09:17.811801+08:00
p1/codex_mddn_fuse_c11_noinline_noevict.py,archive/p1/codex_mddn_fuse_c11_noinline_noevict.py,714b9bb3638645aac6a344e77f0bd2ebf61486950e91875b50c47639a1f5a1cb,256856,2026-09-30T05:09:17.813013+08:00
p1/codex_mddn_fuse_c11_s2.py,archive/p1/codex_mddn_fuse_c11_s2.py,8047e309b22080f347ec8e429b896cff06d6ac330632db179b3e6d5974a109ce,257031,2026-09-30T05:09:17.814232+08:00
p1/codex_mddn_fuse_c11_s2_noevict.py,archive/p1/codex_mddn_fuse_c11_s2_noevict.py,a4dc8032f0b693bf4aedf4ddcd5b9d547847765e35a6178f8a2aca91cb3ce4d2,257163,2026-09-30T05:09:17.815545+08:00
p1/codex_mddn_fuse_c11_s2_w16.py,archive/p1/codex_mddn_fuse_c11_s2_w16.py,c7a5a7a3832c64cf12d4e8fbfdca34e7cc6d4f10e8fd9165e4a13e76f88a2dc1,257331,2026-09-30T05:09:17.816914+08:00
p1/codex_mddn_fuse_c11_s3_noevict.py,archive/p1/codex_mddn_fuse_c11_s3_noevict.py,81a6b19630780892390690bf22a11040dc7f79ccea5c29ede280a21070441e54,257092,2026-09-30T05:09:17.818056+08:00
p1/codex_profile_c5_c7_dn_repeat.py,archive/p1/codex_profile_c5_c7_dn_repeat.py,7419e8a267e524df2db5c5d824ee6be0f6dde683be4e1d2af9566654c17f5a78,245063,2026-09-30T05:09:17.819123+08:00
p1/codex_profile_c5_c7_dn_repeat_verify.py,archive/p1/codex_profile_c5_c7_dn_repeat_verify.py,a2106712335220c3ae9ba01422495d8ef1f58825ce019aa26b0796e95ed22c90,4174,2026-09-30T05:09:17.820036+08:00
p1/codex_profile_c5_c7_md_repeat.py,archive/p1/codex_profile_c5_c7_md_repeat.py,fa6923403d48bd278d3ffea0006a943073699d42034c326c2b3cd427aaa8bf4f,245278,2026-09-30T05:09:17.821215+08:00
p1/diag_compile_call1.py,archive/p1/diag_compile_call1.py,ba4da0035cb5b53747ab488e4edeb486450758e26f1f2cf7df412640f3671e40,122113,2026-09-30T05:09:17.822310+08:00
p1/kernel_114015_bf16th10.py,archive/p1/kernel_114015_bf16th10.py,dee0737c22510d375e3a773ae7ed12f0ba195034c785dc514b467bc47fe71e8d,21701,2026-09-30T05:09:17.823615+08:00
p1/kernel_114015_routespec.py,archive/p1/kernel_114015_routespec.py,5914164adab82fd04f9e6db2159d1e285d226df821093190693e43249372be75,22164,2026-09-30T05:09:17.824534+08:00
p1/kernel_114017_bf16th10.py,archive/p1/kernel_114017_bf16th10.py,29d3736580c3800a9c1d834642a31bab3dd78b7683a64b69e990e1d13842156c,22164,2026-09-30T05:09:17.825442+08:00
p1/kernel_114019_cleanrepl.py,archive/p1/kernel_114019_cleanrepl.py,38e536f11734a2df860a1259636e6cb019784be4d85a09228566ccdea7b67f9a,22058,2026-09-30T05:09:17.826732+08:00
p1/kernel_114019_direct96.py,archive/p1/kernel_114019_direct96.py,ebe94355eb523bbba3b3e45a8eb269e0a5a0d34d018be6973d0ba5f336d85a91,26250,2026-09-30T05:09:17.827818+08:00
p1/kernel_114019_fusedsum.py,archive/p1/kernel_114019_fusedsum.py,82171e75162a511e2e28d15dc1f5f97d4adc703945c4f20d38b68164090d4791,23329,2026-09-30T05:09:17.828731+08:00
p1/kernel_114019_repl_case4.py,archive/p1/kernel_114019_repl_case4.py,0a2ddb3bc77b1ff734118a55da130b03ab83373ab8b64618256ab68bd4f47cb3,22522,2026-09-30T05:09:17.829718+08:00
p1/kernel_114019_repl_case4_clean.py,archive/p1/kernel_114019_repl_case4_clean.py,a67d9147b7bf3ea4b9465e1841f5688e57ab93c2abb4fcbd36f4c4ff7a1ecf26,22416,2026-09-30T05:09:17.830488+08:00
p1/kernel_114019_repl_e32t16.py,archive/p1/kernel_114019_repl_e32t16.py,d46ee8647ec4305b3c4aad3395984833c0c4b85af3eca36b445bf86fc5c8a180,22472,2026-09-30T05:09:17.831247+08:00
p1/kernel_114019_repl_e8.py,archive/p1/kernel_114019_repl_e8.py,fab3de6c40075c28a0e966f8bdf2cbed64f4b369cd1fcaaf38cd415792f7a505,22471,2026-09-30T05:09:17.832046+08:00
p1/kernel_114382_backup.py,archive/p1/kernel_114382_backup.py,eb4efb0bddcef4a65cde1f9490b589a39428a85fdac240543042ba56840fff42,26179,2026-09-30T05:09:17.832890+08:00
p1/kernel_114668_backup.py,archive/p1/kernel_114668_backup.py,7f25f2c28bb0da840ec46fc03e4293e7b75559f62bcfd96e2b44671f58939707,28811,2026-09-30T05:09:17.833844+08:00
p1/kernel_114697_backup.py,archive/p1/kernel_114697_backup.py,ca7749f6633c5904f26002cf8c177ea054343d4b7bf67c834db06a542746d99d,37030,2026-09-30T05:09:17.834738+08:00
p1/kernel_114706_backup.py,archive/p1/kernel_114706_backup.py,262b1eb050f5fe72f38a4e948cd96b17b23b29961618170008a27a5c623b2fca,36702,2026-09-30T05:09:17.835738+08:00
p1/kernel_114785_backup.py,archive/p1/kernel_114785_backup.py,3e68f747aed3475a734569dbec4aa44351223d87ccd0d790ca1f101516dbb90b,40057,2026-09-30T05:09:17.836648+08:00
p1/kernel_114796_backup.py,archive/p1/kernel_114796_backup.py,de66c6307f907564637c971f362896540bdecb6ef8424e65526b24d7669f10e5,40428,2026-09-30T05:09:17.837671+08:00
p1/kernel_114830_backup.py,archive/p1/kernel_114830_backup.py,266f21272178f062ab45c74a1923580b0c51c071377d904e262f9dfc7a6a2fa9,40474,2026-09-30T05:09:17.838653+08:00
p1/kernel_114839_backup.py,archive/p1/kernel_114839_backup.py,9f2ddb46905ae52267bde7987b164d11bac304d27e903d7c9efb8941572c0b9e,40424,2026-09-30T05:09:17.839822+08:00
p1/kernel_114840_backup.py,archive/p1/kernel_114840_backup.py,23f25989cd2601d493351e43bacc493aaae9502ce6e097dff599f2b3b8ab7d9b,40424,2026-09-30T05:09:17.840864+08:00
p1/kernel_114859_backup.py,archive/p1/kernel_114859_backup.py,7111633c26425c81269742651f87647585bc442091338114f910235da67af50b,40797,2026-09-30T05:09:17.841910+08:00
p1/kernel_114861_backup.py,archive/p1/kernel_114861_backup.py,e3e6ab1c57119107044f41fe44b38f07d669e07ad2e3ec93bf732e8856c62bbd,41104,2026-09-30T05:09:17.843167+08:00
p1/kernel_114863_backup.py,archive/p1/kernel_114863_backup.py,0a6f066637b4b85e271e3be1c9c3d3d6b931eefb783c622c4b5bec70bae1a4d9,41411,2026-09-30T05:09:17.844373+08:00
p1/kernel_114868_backup.py,archive/p1/kernel_114868_backup.py,f5f0fb6ca319f62dca9cd888ae109a0cc66bd2194d69d8d56e9dfca8db56510a,41769,2026-09-30T05:09:17.845552+08:00
p1/kernel_114886_backup.py,archive/p1/kernel_114886_backup.py,ba68ff1613b0d81ef4097610bcc03ab70ed1e52cf90410fe918cf05818b8b24d,41842,2026-09-30T05:09:17.846489+08:00
p1/kernel_114898_backup.py,archive/p1/kernel_114898_backup.py,1ec2deb0c45fe21a3a9cf7db24e99286e38461a11904b28a6c02e305698dc397,60151,2026-09-30T05:09:17.847410+08:00
p1/kernel_114901_backup.py,archive/p1/kernel_114901_backup.py,b2f3e2b30794f9efbc6d91585e3da32f722bd61004075bf423ddbed3a8dc4c19,60178,2026-09-30T05:09:17.848466+08:00
p1/kernel_114904_backup.py,archive/p1/kernel_114904_backup.py,44300c1d0572c352e7dbc267619d4950bd70c80eb9978d9a685a1efdd663ef94,61473,2026-09-30T05:09:17.849452+08:00
p1/kernel_114913_backup.py,archive/p1/kernel_114913_backup.py,61a7eab1ab95687be2ca65276ceb892189b59b2af37d1c9600263abe627a9f3b,64774,2026-09-30T05:09:17.850399+08:00
p1/kernel_114962_backup.py,archive/p1/kernel_114962_backup.py,9dac10f1125ba45a0690831279d5d605ad504d2dba47a1d95deec20c2d9ec740,78314,2026-09-30T05:09:17.851514+08:00
p1/kernel_114965_backup.py,archive/p1/kernel_114965_backup.py,b75e48b336682e9c02fd6b864b95906836d632643e23e4414cd739b48f1a2900,78786,2026-09-30T05:09:17.852589+08:00
p1/kernel_114970_backup.py,archive/p1/kernel_114970_backup.py,e8b70ee81ef48e40b491a7729321d6619afff0b81d2195c08fcbbce4d4976270,78666,2026-09-30T05:09:17.853628+08:00
p1/kernel_115209_backup.py,archive/p1/kernel_115209_backup.py,9f5a2f86152bd208bb109f0ff6959efe3e7fcf16bac38f97c25b1e60ce28f7b3,81435,2026-09-30T05:09:17.854677+08:00
p1/kernel_115691_backup.py,archive/p1/kernel_115691_backup.py,08a9c46ae74861dcf887e2dc6567eb0dacd44b7f8e21727c48800efd0c4d2d45,81553,2026-09-30T05:09:17.855901+08:00
p1/kernel_115696_backup.py,archive/p1/kernel_115696_backup.py,c2f2471912b9adf606a809fe163e3aa92fd36d66f7972b7f0b323fb42b8058e4,81670,2026-09-30T05:09:17.856888+08:00
p1/kernel_115705_backup.py,archive/p1/kernel_115705_backup.py,d6567ac008b47e22e69a47ae3b8e883618f23542600b17084cc85490061a6ac3,81670,2026-09-30T05:09:17.857893+08:00
p1/kernel_115738_backup.py,archive/p1/kernel_115738_backup.py,a0541ce5b8a477f4580dada0c4e3bbf6efed0c475552bc1cf2721c19058278b9,86269,2026-09-30T05:09:17.858888+08:00
p1/kernel_115854_backup.py,archive/p1/kernel_115854_backup.py,84fb09987acf1761397f1bda2c87d05780f02eb826df3abeefaaf07065424426,88618,2026-09-30T05:09:17.860003+08:00
p1/kernel_115907_backup.py,archive/p1/kernel_115907_backup.py,52a8533badbddceb1ce6ef4cc9548443d4f3e5662e37a23b67f3545d9306032a,90894,2026-09-30T05:09:17.861115+08:00
p1/kernel_115950_backup.py,archive/p1/kernel_115950_backup.py,e0789b3a13d77432ee531ba2d141077b0671c92fad68ef65a844bd2447885d61,91414,2026-09-30T05:09:17.862067+08:00
p1/kernel_116142_backup.py,archive/p1/kernel_116142_backup.py,31321bb0116b509203536914e8dc57a03a6b68ff45f235baedea2dc49397d2f4,90922,2026-09-30T05:09:17.863032+08:00
p1/kernel_116310_backup.py,archive/p1/kernel_116310_backup.py,2c8204026ecea36158b62d2a04c566918a4c7e4c0f8d36b8cac42f8cb98f71f7,102777,2026-09-30T05:09:17.864001+08:00
p1/kernel_116627_backup.py,archive/p1/kernel_116627_backup.py,103cc53b67c2faa5ee81a98941fef189b33ffd782795cd8b6edd22b001092ce8,107797,2026-09-30T05:09:17.865049+08:00
p1/kernel_116695_backup.py,archive/p1/kernel_116695_backup.py,4627af7e84cf8ad2d483a03a4bc2305279fdd58ba46cba71c8a5daa6d7bf5e2d,107872,2026-09-30T05:09:17.866172+08:00
p1/kernel_116707_backup.py,archive/p1/kernel_116707_backup.py,6f8487ad9fea068c796b61c004b61c1ede1514b68557b6cc2f82fa2b243c4abc,107872,2026-09-30T05:09:17.867371+08:00
p1/kernel_116735_backup.py,archive/p1/kernel_116735_backup.py,3b9a9c4f32fcd62083fbeadcfb649694dbbeb200fec6aa5f0066f5c8ab08e429,107815,2026-09-30T05:09:17.868769+08:00
p1/kernel_116754_backup.py,archive/p1/kernel_116754_backup.py,25f084406146504d4820e2431bbc7c2ac70aa0589dad108f2da6182641dc9caf,111646,2026-09-30T05:09:17.870091+08:00
p1/kernel_116767_backup.py,archive/p1/kernel_116767_backup.py,f39d07d1de441a3b3ec34fcefb38c53dbde461aab472616f8917c8411b2e4ba2,114685,2026-09-30T05:09:17.871486+08:00
p1/kernel_116773_backup.py,archive/p1/kernel_116773_backup.py,6b01419be40347801715b83dea1e9a4fe09ba5fef8a11c2a7d510d4dd33034bd,114686,2026-09-30T05:09:17.872483+08:00
p1/kernel_116808_backup.py,archive/p1/kernel_116808_backup.py,58691435e51dbfef9b8c0793794de114477261a59cb619139cd4f63d0cddf638,115740,2026-09-30T05:09:17.873614+08:00
p1/kernel_116858_backup.py,archive/p1/kernel_116858_backup.py,56dcabbf892ba9193e16a31f2629d8c14de5ceac96d9c8204b9568d13345a804,115840,2026-09-30T05:09:17.874576+08:00
p1/kernel_116882_backup.py,archive/p1/kernel_116882_backup.py,3c99beae2d6533aa95611b676275d81a0746f085ce80fab238fb749479cceba2,115884,2026-09-30T05:09:17.875588+08:00
p1/kernel_116957_backup.py,archive/p1/kernel_116957_backup.py,903c978973a36b13e3fdd67f42e432571cabe796e10df37b726e23e2945f3d35,117085,2026-09-30T05:09:17.876644+08:00
p1/kernel_116989_backup.py,archive/p1/kernel_116989_backup.py,0efac79d1f0aceaee88d7524c7595b59589cf65376359567dc8902ec472b3a73,117129,2026-09-30T05:09:17.877629+08:00
p1/kernel_117001_backup.py,archive/p1/kernel_117001_backup.py,9f4f1408b2d3394e6fb6b2b03542d174a863a6d82a48026b46f2cadff7ab16bc,117072,2026-09-30T05:09:17.878600+08:00
p1/kernel_117009_backup.py,archive/p1/kernel_117009_backup.py,a35aa9f77c7a7b0938942193aaa429adaeab2d74cc560c3c383412af9db930eb,117072,2026-09-30T05:09:17.879629+08:00
p1/kernel_117050_backup.py,archive/p1/kernel_117050_backup.py,9a49ca60915153f280f92d9c3e9ca2dad302d857868c1daab761b7749ec27421,117138,2026-09-30T05:09:17.880686+08:00
p1/kernel_117064_backup.py,archive/p1/kernel_117064_backup.py,6f8ad21a727b9ce200a4da73aecf116d037cd9ceca06a61f3f5ca2abf6edc5e4,117138,2026-09-30T05:09:17.881684+08:00
p1/kernel_117077_backup.py,archive/p1/kernel_117077_backup.py,84bedefff4f1deecb4e9f185a428d5cca39cbff71e3ea5bd24649cd2cb183814,117135,2026-09-30T05:09:17.882658+08:00
p1/kernel_117151_backup.py,archive/p1/kernel_117151_backup.py,4337f27cbebabcffd8ce087a0d7f8e26e39091bdf90af11659b01c33bfc01636,117206,2026-09-30T05:09:17.883625+08:00
p1/kernel_117157_backup.py,archive/p1/kernel_117157_backup.py,28f81c6fe2224325495d3f05e8f4af2b29491c433b35bfba4165f662f827802e,117206,2026-09-30T05:09:17.884589+08:00
p1/kernel_117207_backup.py,archive/p1/kernel_117207_backup.py,252697eaaf23e02b9b36e8c4cd58a1ea29623faf68c4532ea971b55092aa1287,117200,2026-09-30T05:09:17.885578+08:00
p1/kernel_117218_backup.py,archive/p1/kernel_117218_backup.py,76dddada65c070b978db4c33444510642eb3e7b7a34529613caf569a4c35c750,117198,2026-09-30T05:09:17.886657+08:00
p1/kernel_117234_backup.py,archive/p1/kernel_117234_backup.py,ef9eca54091d4b1e595a41b2afc6e84bddc9a6d62b9d7f9320faef448c7a9640,117198,2026-09-30T05:09:17.888802+08:00
p1/kernel_117300_backup.py,archive/p1/kernel_117300_backup.py,14329d914f56144d2ab181eee096e96b61f6862ced5af23af8c7e9e967f1a8c5,117195,2026-09-30T05:09:17.889781+08:00
p1/kernel_119517_backup.py,archive/p1/kernel_119517_backup.py,29d7ab60c4df7012c93a8a0e131b53dec01b0a3d1ac8f33c1ab7f53347de0ae4,117243,2026-09-30T05:09:17.890863+08:00
p1/kernel_119524_backup.py,archive/p1/kernel_119524_backup.py,fb0779e04c0d8165fd7db7696903f5e047742f90f25df0e05dc80d1daa2fc974,117355,2026-09-30T05:09:17.891936+08:00
p1/kernel_119540_backup.py,archive/p1/kernel_119540_backup.py,2d256a74b48a0ce8bf43a97a7c712978a20726417ace844ede1bf61801b3b033,117355,2026-09-30T05:09:17.893088+08:00
p1/kernel_119565_backup.py,archive/p1/kernel_119565_backup.py,521c0773469d3fe2bd32f52d112d359e5e77cedb11eeba576d48533d0a8d1109,118400,2026-09-30T05:09:17.894174+08:00
p1/kernel_119642_backup.py,archive/p1/kernel_119642_backup.py,40f0ed79ecc7da8faf0f465ed278bf482bac77570ddfc8ce17ec4fec4ec632de,121137,2026-09-30T05:09:17.895259+08:00
p1/kernel_119659_backup.py,archive/p1/kernel_119659_backup.py,a507a9432a9b5377b46a4a2ca0d84bb1b06baf154879a63ddd34f365b771d5e9,124891,2026-09-30T05:09:17.896431+08:00
p1/kernel_119897_backup.py,archive/p1/kernel_119897_backup.py,23f3055aebc109e82eabab0e888f9a271e56443e3f00ca95938b69f7df22d9dc,130486,2026-09-30T05:09:17.897547+08:00
p1/kernel_119907_backup.py,archive/p1/kernel_119907_backup.py,d054452af561a25c4c523941ff4b9f604f2baa8a23820baa71801fda60a52227,134260,2026-09-30T05:09:17.898888+08:00
p1/kernel_120086_backup.py,archive/p1/kernel_120086_backup.py,6c0f05486253bc9d4ce66600354dae18299ce0baa470ee052d6f01638f7d58e4,136730,2026-09-30T05:09:17.900459+08:00
p1/kernel_120099_backup.py,archive/p1/kernel_120099_backup.py,873155f251b294a0609370ecca0ac08dd93a4b6a0ead7b8e6005a7581ed8de68,137044,2026-09-30T05:09:17.901996+08:00
p1/kernel_120127_backup.py,archive/p1/kernel_120127_backup.py,0bda0d756102121c92f0d6081f420bed232a4237262763652fe163b8d4e9d18e,140731,2026-09-30T05:09:17.903485+08:00
p1/kernel_120142_backup.py,archive/p1/kernel_120142_backup.py,5f32632f9c7c85a508a7004d12be1927ddcf546ac7b80e17d732bcbaab3e83e0,143596,2026-09-30T05:09:17.905644+08:00
p1/kernel_120205_backup.py,archive/p1/kernel_120205_backup.py,d5c927b8894bc426ed248da25a034f354c9cfcc899722d71b462ca25cc5823bb,146421,2026-09-30T05:09:17.906981+08:00
p1/kernel_120223_backup.py,archive/p1/kernel_120223_backup.py,ea8b4c425c13b3013c812d3b77d74337bb556a834a275ec68543abcaf5f2a378,146689,2026-09-30T05:09:17.908122+08:00
p1/kernel_120277_backup.py,archive/p1/kernel_120277_backup.py,bb58b31317bd285678a8f0f13f2c353fc9420e149af61786b3d11a0acfe89505,146899,2026-09-30T05:09:17.909200+08:00
p1/kernel_120283_backup.py,archive/p1/kernel_120283_backup.py,8c32737d1af2e81ecd3b9a07d2d40351b6e392118623c939ce28ac7407e60dea,146885,2026-09-30T05:09:17.910311+08:00
p1/kernel_120403_backup.py,archive/p1/kernel_120403_backup.py,7f739e5d998d448610a1c39a53992097ec6b6bffeef6266c81a61e621b7dba86,149858,2026-09-30T05:09:17.911690+08:00
p1/kernel_120528_backup.py,archive/p1/kernel_120528_backup.py,792ed01fc8f211ccd23030515ef489b671521e6392e410bdf039bfd891790190,151242,2026-09-30T05:09:17.913018+08:00
p1/kernel_120688_backup.py,archive/p1/kernel_120688_backup.py,94acfafe347b3737bd4e590b8963c8c1e26b3048f71c354f259a816284e4472d,151319,2026-09-30T05:09:17.914233+08:00
p1/kernel_120916_backup.py,archive/p1/kernel_120916_backup.py,b9c2e5d34efda223ee1e663b73853e8a29b92c864ae75ab031f36d76e2d156ff,151245,2026-09-30T05:09:17.915238+08:00
p1/kernel_121016_backup.py,archive/p1/kernel_121016_backup.py,1180c6f2679b53367a625386e78faf90702ce00f669d5315b4bf79b99a66cad7,151297,2026-09-30T05:09:17.916268+08:00
p1/kernel_121042_backup.py,archive/p1/kernel_121042_backup.py,02709e548db1725e9ba04f15ba52702cbf79067f0ed6bd0c59300aa1c4ca201e,151397,2026-09-30T05:09:17.917473+08:00
p1/kernel_121074_backup.py,archive/p1/kernel_121074_backup.py,b28361463cfd6aa07d2bd073412997372b9c4881eb87e9ec03e732a35b9784eb,154729,2026-09-30T05:09:17.918700+08:00
p1/kernel_121087_backup.py,archive/p1/kernel_121087_backup.py,f9e3927ebe2e1957902085cd2553967689442f71d3cf5b4a8ca907f108c93af8,154729,2026-09-30T05:09:17.919947+08:00
p1/kernel_121275_backup.py,archive/p1/kernel_121275_backup.py,1032e7c879113154a3ffbbee9f0e36116320fa549ec51167d98ee7e7d5edb756,156424,2026-09-30T05:09:17.921215+08:00
p1/kernel_121448_backup.py,archive/p1/kernel_121448_backup.py,b22e5975d5a64ca7aa8ba6b88b3dfa74c5e27b612839576eba7345b3e274ea15,164141,2026-09-30T05:09:17.922359+08:00
p1/kernel_121504_backup.py,archive/p1/kernel_121504_backup.py,5287e94e11ff7aac671bd7350bc1614f3f665bd486a4a6814298a23cb81509db,164395,2026-09-30T05:09:17.923531+08:00
p1/kernel_121531_backup.py,archive/p1/kernel_121531_backup.py,b69166da8ffa301cc42cf52eef42db770d1ffd0a1ad04d3309cd05d3cc0a5385,164395,2026-09-30T05:09:17.924663+08:00
p1/kernel_121619_backup.py,archive/p1/kernel_121619_backup.py,afe11e7ffd3d689232aa3ebab72fb4b0fc7c6c8c2018829009aa512cd341fe42,165816,2026-09-30T05:09:17.925827+08:00
p1/kernel_121635_backup.py,archive/p1/kernel_121635_backup.py,d040c960169ba7ac95f361af3cc0cb4ced248c20d12c0dbf18e0094d64e0ca12,165816,2026-09-30T05:09:17.926927+08:00
p1/kernel_121752_backup.py,archive/p1/kernel_121752_backup.py,9531c96aea2464f7364cbde5aaf1ef5aa1c7f0b5537d32a2231b8fff113fe8e5,166625,2026-09-30T05:09:17.928087+08:00
p1/kernel_121788_backup.py,archive/p1/kernel_121788_backup.py,23e9f10c32f94750c7f121c27822ca1b4e7a06142d5753af26d8dac3f44b7f5d,166624,2026-09-30T05:09:17.929364+08:00
p1/kernel_122247_backup.py,archive/p1/kernel_122247_backup.py,74fe1db007100c82f90094067ab674fd24a3520537b47c134bc0f241b99f6e51,168145,2026-09-30T05:09:17.930521+08:00
p1/kernel_131694_backup.py,archive/p1/kernel_131694_backup.py,92795a9e6ca7baf648d1fdacad3f41ed4baf879221fdabc26e3501c5b239d244,174029,2026-09-30T05:09:17.931622+08:00
p1/kernel_131754_backup.py,archive/p1/kernel_131754_backup.py,42e12f8ac8780201bcd56676d68b99bdbd9431f2c99064d3c67e8a33eb918cec,178661,2026-09-30T05:09:17.932995+08:00
p1/kernel_132161_backup.py,archive/p1/kernel_132161_backup.py,35c408e32bca548613e2ff3afa9083817ca3558b8b395e77964d0939a288e289,190290,2026-09-30T05:09:17.934393+08:00
p1/kernel_132375_backup.py,archive/p1/kernel_132375_backup.py,1ea85f6b882d8397f49e1723d8aa18d1acb249c68ab55d8e7467414667a3b36c,190694,2026-09-30T05:09:17.936101+08:00
p1/kernel_132578_backup.py,archive/p1/kernel_132578_backup.py,881d795dd5419f37ac5a29b4af84b999b1a5bd750c7ad2f8ad2cd2f4a4623bec,195833,2026-09-30T05:09:17.937770+08:00
p1/kernel_133137_backup.py,archive/p1/kernel_133137_backup.py,260bbc8af271d49e266acd927ea828f1fac76de5d04c825876adfdc68af37193,195833,2026-09-30T05:09:17.940094+08:00
p1/kernel_133346_backup.py,archive/p1/kernel_133346_backup.py,7839ec7cfed4e32ee7a5f4f1ab5c6cbe1688649b5fa3cb02bf99abbfae2a74e6,195781,2026-09-30T05:09:17.941531+08:00
p1/kernel_133700_backup.py,archive/p1/kernel_133700_backup.py,b11561ebaf2772f7bb0446379f5664914e490df78754d1a6aa756ae3b3e638a8,196287,2026-09-30T05:09:17.942749+08:00
p1/kernel_133720_backup.py,archive/p1/kernel_133720_backup.py,4d8e7ca6bd7210484959a17bf00f91d517bb78be7aa05d02d284e84327640914,196908,2026-09-30T05:09:17.944206+08:00
p1/kernel_FINAL_74.py,archive/p1/kernel_FINAL_74.py,4da70b9110d12f95262d25186a55aa54a04fc9c3e6fe770356c2c62a1fc1fbdb,237998,2026-09-30T05:09:17.945293+08:00
p1/kernel_abbk.py,archive/p1/kernel_abbk.py,8467e68b7286ae21261057c9cd213b62494b87c1a9297b23afb9dbc932ce60a2,198410,2026-09-30T05:09:17.946449+08:00
p1/kernel_abcyc.py,archive/p1/kernel_abcyc.py,905cab3f2dee73c6c659e78925e5107597fb7068f77b12b4a59abde2981ac9ca,198420,2026-09-30T05:09:17.947626+08:00
p1/kernel_abtma.py,archive/p1/kernel_abtma.py,1944517da8ade23b85cc31bb6f101dfcaa73a996782606a0257ed0aee7dd8a82,198499,2026-09-30T05:09:17.948645+08:00
p1/kernel_ag_sms64_e64.py,archive/p1/kernel_ag_sms64_e64.py,857fca1fb0348cb750c1547b3091bd015167b72e6f829d0f0ff4891a073faa52,26273,2026-09-30T05:09:17.949566+08:00
p1/kernel_argsort32.py,archive/p1/kernel_argsort32.py,0cb2387a1cbf5510ea4308f8c4cd6c98889580ecd6517a0801351a2b06afb056,40477,2026-09-30T05:09:17.950460+08:00
p1/kernel_argsort32_v2.py,archive/p1/kernel_argsort32_v2.py,f3d7a2e3f27c3995d321d0cc8593c55c78ae58f94ab1b3ceac9476ee1b822d36,40538,2026-09-30T05:09:17.951497+08:00
p1/kernel_best_41.py,archive/p1/kernel_best_41.py,e07e0eeb9a8c110e5d19c647b2e9c40aa11735752dd7baacc9ee373073be6a0e,12353,2026-09-30T05:09:17.952399+08:00
p1/kernel_best_case10_fp8down.py,archive/p1/kernel_best_case10_fp8down.py,f812f15506e234c346c0eab33b921636e26756c84a6b83c286bee3ad1e0b773c,79283,2026-09-30T05:09:17.953312+08:00
p1/kernel_best_case9_fp8both.py,archive/p1/kernel_best_case9_fp8both.py,0a203ff8cbac321f29f0a824d6ce99534953d7066739f5cc8e2a23caf2ded82e,78452,2026-09-30T05:09:17.954231+08:00
p1/kernel_best_case9fp8_case10fp8.py,archive/p1/kernel_best_case9fp8_case10fp8.py,c32841f9ca1003c1c92fc30b1b4a2f43172c8c5e1e61e2f3f2c6274ef84966e7,79069,2026-09-30T05:09:17.955172+08:00
p1/kernel_best_empty_branch.py,archive/p1/kernel_best_empty_branch.py,de637421dbfc63526d2cf0df776683cfc8abd4823eb8bf1b3e33b9eb7cac0b9d,17392,2026-09-30T05:09:17.956178+08:00
p1/kernel_best_heuristic_bn.py,archive/p1/kernel_best_heuristic_bn.py,d2617d99b09533c5a54de1dd82cdb6f1ccc4005985f329c92cee501a7a243622,17264,2026-09-30T05:09:17.957057+08:00
p1/kernel_bestcombo_ag_w4.py,archive/p1/kernel_bestcombo_ag_w4.py,ce3fb4931bd6bda0e7ae3cb6ff314b0df0e51a4682f699905e2e44933e9dd919,77590,2026-09-30T05:09:17.957951+08:00
p1/kernel_bf16_gm8.py,archive/p1/kernel_bf16_gm8.py,71739a6c385fb0f14b1663063f28872a3530fa82eb27c8cf50b8147335519171,81910,2026-09-30T05:09:17.958885+08:00
p1/kernel_bf16cond_2weights.py,archive/p1/kernel_bf16cond_2weights.py,305afb1adfe2a9deeecea84d6e66fb9d142484e41141f71e1a920622b7c6cab9,17819,2026-09-30T05:09:17.959716+08:00
p1/kernel_bf16cond_ag16w.py,archive/p1/kernel_bf16cond_ag16w.py,d527bf6666de5b8d8ffe9d91abcd8be55853d58e648b1adfce34ffba1c07e173,17780,2026-09-30T05:09:17.960554+08:00
p1/kernel_bf16cond_ag4w.py,archive/p1/kernel_bf16cond_ag4w.py,66dfe8cf5989feeb612260e5159a7a4ba7638de7ba08e046ad091aed5692de17,17778,2026-09-30T05:09:17.961427+08:00
p1/kernel_bf16cond_alla2a.py,archive/p1/kernel_bf16cond_alla2a.py,f79f70603326433b41b1f3432da72342292d2a86b861232b139af4312fde2b69,17720,2026-09-30T05:09:17.962152+08:00
p1/kernel_bf16cond_async.py,archive/p1/kernel_bf16cond_async.py,4dab840ef0602b5e6065eecee0bc80aca1a6800cad2aa19e45431e2b0ce9587a,18089,2026-09-30T05:09:17.963215+08:00
p1/kernel_bf16cond_case3ag.py,archive/p1/kernel_bf16cond_case3ag.py,8a35fa15afd0d503e21440c77cdc545c86bb161369aa2d97146e6e856356b414,17861,2026-09-30T05:09:17.964096+08:00
p1/kernel_bf16cond_condcase8ag.py,archive/p1/kernel_bf16cond_condcase8ag.py,ddc5dba31920ad4c1c0d069a692ea1a32b850e7256b4bdd5ade44c8ff4a164fa,17808,2026-09-30T05:09:17.964817+08:00
p1/kernel_bf16cond_directchunk.py,archive/p1/kernel_bf16cond_directchunk.py,f8ec96289e1bdf1526a0a3acd70c5cd6e8d5d6a04e97b4deefd4e785a5515cdd,19981,2026-09-30T05:09:17.965667+08:00
p1/kernel_bf16cond_directchunk_full.py,archive/p1/kernel_bf16cond_directchunk_full.py,0cfeb91a6c52a036352b82fbe4c25685a7684e49419a8e46027e3fcb8642155a,19993,2026-09-30T05:09:17.966482+08:00
p1/kernel_bf16cond_directdispatch_ncclcombine.py,archive/p1/kernel_bf16cond_directdispatch_ncclcombine.py,af3d7ef5ad012339e426ef3f0e597697a45ea64bcb4d91b5bf8805fb477b8fa5,19622,2026-09-30T05:09:17.967380+08:00
p1/kernel_bf16cond_directshmem.py,archive/p1/kernel_bf16cond_directshmem.py,71ad41f93964264a4cece3352df03034fd0d34997453de2a9b632796710b0ee6,19625,2026-09-30T05:09:17.968178+08:00
p1/kernel_bf16cond_directwarp.py,archive/p1/kernel_bf16cond_directwarp.py,4ffeb751604028e15d0dc65ab264a3f39b4bc36c0a94add7b25e968fb28a13cc,19947,2026-09-30T05:09:17.969118+08:00
p1/kernel_bf16cond_fastdispatch_barrier.py,archive/p1/kernel_bf16cond_fastdispatch_barrier.py,f534af6b9e4a3454a7f10519697ff262d5c5ca113e34cac577dd1b5b7805258c,18506,2026-09-30T05:09:17.970709+08:00
p1/kernel_bf16cond_fastdispatch_only.py,archive/p1/kernel_bf16cond_fastdispatch_only.py,75a7998d3d48f93fc4354a009aa0c5d1c68b529e23701d05cd6c4f610da4a30a,18487,2026-09-30T05:09:17.971863+08:00
p1/kernel_bf16cond_fasttoken.py,archive/p1/kernel_bf16cond_fasttoken.py,556fbc7a8626b7b6a21e634c167ba9d2445c1d9930604320b5479b6905b3bb4f,18467,2026-09-30T05:09:17.972667+08:00
p1/kernel_bf16cond_packweight.py,archive/p1/kernel_bf16cond_packweight.py,ba3b273c6dce206ad768b558482204ee690321ae5cb1b14d00cd51d050b07eae,17789,2026-09-30T05:09:17.973552+08:00
p1/kernel_bf16cond_padlist.py,archive/p1/kernel_bf16cond_padlist.py,5b0010483beb7744f28d1131e5343321d5b15d938a0c2e15cd6a8a623aa954b1,20210,2026-09-30T05:09:17.974401+08:00
p1/kernel_bf16cond_payload2.py,archive/p1/kernel_bf16cond_payload2.py,89b5c72e78225e75fb6e153d26ae8d4c57d8d9664453dcf34236df67000adc6b,17760,2026-09-30T05:09:17.975179+08:00
p1/kernel_bf16cond_pers_ag.py,archive/p1/kernel_bf16cond_pers_ag.py,b8f58b748a8b6caf9b0d2693d24c0a8856449db4f82e08aa84a64c2dc90ff1c9,17778,2026-09-30T05:09:17.975917+08:00
p1/kernel_bf16cond_torchroute.py,archive/p1/kernel_bf16cond_torchroute.py,849a34794b17178af6d98fb7b523a7aaf466f66346fadfc6f239bb22e0a3ce51,17728,2026-09-30T05:09:17.976753+08:00
p1/kernel_bf16cond_transweights.py,archive/p1/kernel_bf16cond_transweights.py,2eb45e98d15b46a0af3f13601801655e37881472810d49963cc76652947a000c,17953,2026-09-30T05:09:17.977916+08:00
p1/kernel_c128_diag.py,archive/p1/kernel_c128_diag.py,d3905d66e354a73544957e99a0d33d842d8bb4539de739286a90631bc6a9df5c,27684,2026-09-30T05:09:17.979360+08:00
p1/kernel_c128_idxcache.py,archive/p1/kernel_c128_idxcache.py,90acbe93cc87b65d778c972768bc00d62d182d199f07c1ad86e9ecfcb5314dbe,26432,2026-09-30T05:09:17.980532+08:00
p1/kernel_c128_packe8_case2_nometa.py,archive/p1/kernel_c128_packe8_case2_nometa.py,5bf8d21ec831ebcdd28703baff739f95dfb95e2b365ce23a65b8c8ba7dc582ce,27891,2026-09-30T05:09:17.981806+08:00
p1/kernel_c128_packe8_nometa96.py,archive/p1/kernel_c128_packe8_nometa96.py,24f24d2bc66db295ccea4976e7b9cbcd1f561c899680eeb026a333896c94f7a9,27491,2026-09-30T05:09:17.982937+08:00
p1/kernel_c128_packe8e96_nometa.py,archive/p1/kernel_c128_packe8e96_nometa.py,0e20fd4b9c960746acc57901b4b9118b5be2d1bc38d56cc3b5b941bca64eb042,27805,2026-09-30T05:09:17.984101+08:00
p1/kernel_c128_packweight.py,archive/p1/kernel_c128_packweight.py,82e4f006f984471cfbdc81e0677b7b2286bbd770e71b47ce8d34d79282621eb9,26181,2026-09-30T05:09:17.985070+08:00
p1/kernel_c128_packweight_e8.py,archive/p1/kernel_c128_packweight_e8.py,a2516a36d85d769ca4ead5b2a401ca2b110fa2bb2d73a4e3da11a58d9b0d1f72,27027,2026-09-30T05:09:17.987609+08:00
p1/kernel_c128_packweight_e8_uint.py,archive/p1/kernel_c128_packweight_e8_uint.py,aebbceb4442326efdebd1ad0abf699db97d6efee35ab8bcb613e6b2f9a499390,27015,2026-09-30T05:09:17.988632+08:00
p1/kernel_cache_multibuf.py,archive/p1/kernel_cache_multibuf.py,de66c6307f907564637c971f362896540bdecb6ef8424e65526b24d7669f10e5,40428,2026-09-30T05:09:17.989632+08:00
p1/kernel_case10_allgather_fp8.py,archive/p1/kernel_case10_allgather_fp8.py,5aa2ed4a1a5099dc6fe2b8d80b0f46adaa4ff745739e03c922057097b54fc8e0,61115,2026-09-30T05:09:17.990585+08:00
p1/kernel_case10_fp8_down.py,archive/p1/kernel_case10_fp8_down.py,1a83e05e8d234cf6354dc8383017908253ee66f95946d41b4063889fcdcc5ec6,65564,2026-09-30T05:09:17.991392+08:00
p1/kernel_case10_fp8_down_case9pack.py,archive/p1/kernel_case10_fp8_down_case9pack.py,2f3ab5e8d5cd96c03f210f516a59cf0528c73b0d116cc8278d3d97a9ad77c9de,65702,2026-09-30T05:09:17.992328+08:00
p1/kernel_case10_fp8_down_cleanup.py,archive/p1/kernel_case10_fp8_down_cleanup.py,1a83e05e8d234cf6354dc8383017908253ee66f95946d41b4063889fcdcc5ec6,65564,2026-09-30T05:09:17.993251+08:00
p1/kernel_case10_fp8both_chunkquant.py,archive/p1/kernel_case10_fp8both_chunkquant.py,dca6391052fd445efd5a6d265a20631b70100876f96f76060cd9c4b915785ba5,79053,2026-09-30T05:09:17.994351+08:00
p1/kernel_case10_fp8both_int64ptr.py,archive/p1/kernel_case10_fp8both_int64ptr.py,ba48f24e420084f55a6ae726a0db63ab74e0f30325e2e1af451d8d1c38f615f8,79300,2026-09-30T05:09:17.995319+08:00
p1/kernel_case10_fp8both_int64ptr_case9fp8.py,archive/p1/kernel_case10_fp8both_int64ptr_case9fp8.py,1b9fdc3c3971bf00a917bd4adcbb91a1824d79bd839b9c4682873303f9684d78,79140,2026-09-30T05:09:17.996260+08:00
p1/kernel_case10_fp8both_int64ptr_staticfix.py,archive/p1/kernel_case10_fp8both_int64ptr_staticfix.py,0b6262d0007076854f6bd3a967a610d1287bb0666f5eb73160dfbe0e22605c32,79410,2026-09-30T05:09:17.997190+08:00
p1/kernel_case10_fp8both_lowmem.py,archive/p1/kernel_case10_fp8both_lowmem.py,f89a19ae1c65a063a1418328ff67ff9a1c86486cc2c1b9c5e73af915c88efa90,80874,2026-09-30T05:09:17.998130+08:00
p1/kernel_case10_fp8down_chunkquant.py,archive/p1/kernel_case10_fp8down_chunkquant.py,ee9a1d8e511e065720046b7890a0af7024367eeeb35c0752605fa174de112aff,79661,2026-09-30T05:09:17.999067+08:00
p1/kernel_case10_fp8down_chunkquant_staticfix.py,archive/p1/kernel_case10_fp8down_chunkquant_staticfix.py,08a2604cd562e26fef5ad7fbb6d9696573a5ff580816ea7cfcaa4bead6fba53f,79771,2026-09-30T05:09:18.000012+08:00
p1/kernel_case10_int8down.py,archive/p1/kernel_case10_int8down.py,9dac10f1125ba45a0690831279d5d605ad504d2dba47a1d95deec20c2d9ec740,78314,2026-09-30T05:09:18.000987+08:00
p1/kernel_case10_repl.py,archive/p1/kernel_case10_repl.py,f5f0fb6ca319f62dca9cd888ae109a0cc66bd2194d69d8d56e9dfca8db56510a,41769,2026-09-30T05:09:18.001995+08:00
p1/kernel_case2_fp8_fused.py,archive/p1/kernel_case2_fp8_fused.py,0602d72aa4c06df74496151c9772eca1853365facabd32988c8333ce79fe7ff7,86237,2026-09-30T05:09:18.002985+08:00
p1/kernel_case2_hybrid_int8.py,archive/p1/kernel_case2_hybrid_int8.py,1ac95a25c0799dc0ebc76367a24d40e2d5db86743f083139a3bd7937b39156bd,76709,2026-09-30T05:09:18.004168+08:00
p1/kernel_case2_hybrid_int8_c24.py,archive/p1/kernel_case2_hybrid_int8_c24.py,4a9686d78ec251f0760a6e7618b088e0d3d20ad6bf0859b35de762336034ebd0,76709,2026-09-30T05:09:18.005633+08:00
p1/kernel_case2_hybrid_int8_case10down.py,archive/p1/kernel_case2_hybrid_int8_case10down.py,2c7b969b5a1a657323fd12997ef7e7eaec4fcc85d0b6896a38b9579450c0ae2b,77537,2026-09-30T05:09:18.007638+08:00
p1/kernel_case2_int8_bk256.py,archive/p1/kernel_case2_int8_bk256.py,7099529156c3a9b9677e7396d941eb9376d994948ebb185a788b355834fed47d,78831,2026-09-30T05:09:18.009139+08:00
p1/kernel_case2_int8down_sw.py,archive/p1/kernel_case2_int8down_sw.py,1011fc5a42af46bc2e16ca88ad0d68d51ea609492063adbdce2b7d72be87863a,82218,2026-09-30T05:09:18.011876+08:00
p1/kernel_case2_sorted.py,archive/p1/kernel_case2_sorted.py,654b6eb6dece9d2245b456e8fb91cdd3921e93be57e5e7c8175c547ae4a0cbdd,40412,2026-09-30T05:09:18.012810+08:00
p1/kernel_case6_fp8.py,archive/p1/kernel_case6_fp8.py,fa0b355f25198e7ef47a0f34f8f2f008002445569a2b8ccad880b2c120af66b9,81462,2026-09-30T05:09:18.013883+08:00
p1/kernel_case6_packed_route.py,archive/p1/kernel_case6_packed_route.py,695713abe089cf91d38fbc6685f7209712570ab4a99f566d577c790a4fba1009,40548,2026-09-30T05:09:18.014629+08:00
p1/kernel_case6pack_cleanup.py,archive/p1/kernel_case6pack_cleanup.py,b7e3c23d12ae7690ade1c7bdba2c350ad0075eab2464ecce357a3fd0ec69e7ac,40707,2026-09-30T05:09:18.015505+08:00
p1/kernel_case9_argsort32.py,archive/p1/kernel_case9_argsort32.py,99c39fe0f3121413a023cee017a39b9c683645eddc0c24314224efc9fe7692a9,64774,2026-09-30T05:09:18.016447+08:00
p1/kernel_case9_fp8_downonly.py,archive/p1/kernel_case9_fp8_downonly.py,4108969232db072410dd0a22256dd97681e46e5d1fb586f271c66020460519d9,64869,2026-09-30T05:09:18.017509+08:00
p1/kernel_case9_int8_both.py,archive/p1/kernel_case9_int8_both.py,7886bcf1ea141a252c1bec739ae1dc12383e8cf0d9d1a1df5b04ae9b5b02bbc4,79237,2026-09-30T05:09:18.019166+08:00
p1/kernel_case9_int8_both_c28.py,archive/p1/kernel_case9_int8_both_c28.py,7037318847e043831efd6d6cf6966232199e690042a5174082c43bd8402f13c7,79237,2026-09-30T05:09:18.020684+08:00
p1/kernel_case9_int8_both_clean.py,archive/p1/kernel_case9_int8_both_clean.py,e8b70ee81ef48e40b491a7729321d6619afff0b81d2195c08fcbbce4d4976270,78666,2026-09-30T05:09:18.021593+08:00
p1/kernel_case9_int8down.py,archive/p1/kernel_case9_int8down.py,b75e48b336682e9c02fd6b864b95906836d632643e23e4414cd739b48f1a2900,78786,2026-09-30T05:09:18.022537+08:00
p1/kernel_case9_repl_fp8_lowmem.py,archive/p1/kernel_case9_repl_fp8_lowmem.py,9f5a2f86152bd208bb109f0ff6959efe3e7fcf16bac38f97c25b1e60ce28f7b3,81435,2026-09-30T05:09:18.023750+08:00
p1/kernel_case9_repl_fp8_regular.py,archive/p1/kernel_case9_repl_fp8_regular.py,064f6d16dd857eb36518f6163d8cdafe2c4505c7162beff34fd7261867cd6711,79290,2026-09-30T05:09:18.024844+08:00
p1/kernel_case9_static_shape_cache.py,archive/p1/kernel_case9_static_shape_cache.py,562c0cf7c0b19e5aa9c338091658ecacfe4df0cd502059fedc75cbc8e94872b6,78818,2026-09-30T05:09:18.025776+08:00
p1/kernel_cleanup.py,archive/p1/kernel_cleanup.py,7fcd44fd1213185eeb70d7a505e8e444b35ce1f53b362c9b308e1873fcd8fa6e,40300,2026-09-30T05:09:18.026677+08:00
p1/kernel_cleanup_v2.py,archive/p1/kernel_cleanup_v2.py,ec61a50f711c8f29af3d30e682b08825970ff0269672cd655b66c26bafc5b35e,40587,2026-09-30T05:09:18.027580+08:00
p1/kernel_clk.py,archive/p1/kernel_clk.py,a3c3a88657d57e1a38980782d80263c0acbbe71c8a38185f55e25a8d194e3510,196818,2026-09-30T05:09:18.028721+08:00
p1/kernel_clk2.py,archive/p1/kernel_clk2.py,08ae2696d130fb34f400bb1d918e87563f2df04991e76f0839f87a2bf5319763,196899,2026-09-30T05:09:18.029909+08:00
p1/kernel_combo2.py,archive/p1/kernel_combo2.py,9033bb6b78feec8330c2bd8f047884483c4bee6ebbf650b08d81247134081e90,25989,2026-09-30T05:09:18.030817+08:00
p1/kernel_combo3.py,archive/p1/kernel_combo3.py,f64e450f2d89fffdcd923220df80c8fb0d9c4660025d20b61533459d6e710e9f,25950,2026-09-30T05:09:18.031729+08:00
p1/kernel_combo_v5.py,archive/p1/kernel_combo_v5.py,14b1fa1f0abffc06bf03ef30823ef296e22008446369c2d3c29e214381d7b395,25032,2026-09-30T05:09:18.032727+08:00
p1/kernel_combo_v5_autotune.py,archive/p1/kernel_combo_v5_autotune.py,2023e9f04f010628a1de67b1a05be55bd3b5dfba0d0f69d0ef93d690ebae51aa,27474,2026-09-30T05:09:18.033632+08:00
p1/kernel_combo_v5_clean.py,archive/p1/kernel_combo_v5_clean.py,3bc73ce89009d710764e1489e5517f103beb8de24c43e3e84e87d962982fb473,24926,2026-09-30T05:09:18.034555+08:00
p1/kernel_combo_v5_idxcache.py,archive/p1/kernel_combo_v5_idxcache.py,14b1fa1f0abffc06bf03ef30823ef296e22008446369c2d3c29e214381d7b395,25032,2026-09-30T05:09:18.035487+08:00
p1/kernel_combo_v5_idxcache2.py,archive/p1/kernel_combo_v5_idxcache2.py,14b1fa1f0abffc06bf03ef30823ef296e22008446369c2d3c29e214381d7b395,25032,2026-09-30T05:09:18.036371+08:00
p1/kernel_combo_v5_idxcache3.py,archive/p1/kernel_combo_v5_idxcache3.py,4c313bc2c3c3b2a4d4f391f00f5f719acd4cd14b554cc44de229e45772054acf,25285,2026-09-30T05:09:18.037283+08:00
p1/kernel_combo_v5_sumdtype.py,archive/p1/kernel_combo_v5_sumdtype.py,7d609b051dd206b307cc67cc8af74a52e1cdf93201e668cf1d28d129852ccb13,25078,2026-09-30T05:09:18.038235+08:00
p1/kernel_combo_v5_sumdtype_idxcache.py,archive/p1/kernel_combo_v5_sumdtype_idxcache.py,ab77a554492522fa247a15b4a30722ad7c3e58a9eaf342c7b0cd3ab3e671594e,25331,2026-09-30T05:09:18.039200+08:00
p1/kernel_combo_v5_th20.py,archive/p1/kernel_combo_v5_th20.py,93a1f1b975ad2adabce6b0b28c58a4dbb26401b88f6b57518366b5236230c128,25032,2026-09-30T05:09:18.040066+08:00
p1/kernel_combo_v5_th20_v2.py,archive/p1/kernel_combo_v5_th20_v2.py,e1e58e0ce0e4cf0b4a3141b09278c365fc1ca498dfbd269fb3a9aa1dab669bca,25246,2026-09-30T05:09:18.040811+08:00
p1/kernel_diag.py,archive/p1/kernel_diag.py,485ae4355283a9a7bfaa32d3259f2df2880df6574e11c8f97393742f8af3edf0,211580,2026-09-30T05:09:18.041978+08:00
p1/kernel_diag2.py,archive/p1/kernel_diag2.py,35747a6cdd3bb12252cfeb87dcca1ad13793af79cba59240e71a423e4cc531ac,211801,2026-09-30T05:09:18.043122+08:00
p1/kernel_diag3.py,archive/p1/kernel_diag3.py,eeb57c0d782a8cbfcedc61f60cace6aead8e6f745d5f9b1ff2f174675b7416f8,212989,2026-09-30T05:09:18.044384+08:00
p1/kernel_diag_115209_repl.py,archive/p1/kernel_diag_115209_repl.py,6d57d0ca9cc39dc385f380f0939c4a5a9d1cf4baae3722d5adae594858446f26,82396,2026-09-30T05:09:18.045396+08:00
p1/kernel_diag_case9.py,archive/p1/kernel_diag_case9.py,35075e4589d2f86aec65af183da447994a577ae68ac23a60b546760445eb7290,42889,2026-09-30T05:09:18.046331+08:00
p1/kernel_diag_case9_static_114970.py,archive/p1/kernel_diag_case9_static_114970.py,864632bacdddc68812e3e06a90001d394e7f342e2fb8088b8b8c03ad78950c12,80097,2026-09-30T05:09:18.047261+08:00
p1/kernel_diag_current.py,archive/p1/kernel_diag_current.py,624af8abe141da386561810b11132ef29c005f8dee8736169e1572db9c120c1c,42287,2026-09-30T05:09:18.048170+08:00
p1/kernel_diag_fp8_repl.py,archive/p1/kernel_diag_fp8_repl.py,f0ef5b721f8021fbddb0f94738ccab700e15b7a0f1c065cb06be2a0e8a46e7c3,62402,2026-09-30T05:09:18.049090+08:00
p1/kernel_diag_ids.py,archive/p1/kernel_diag_ids.py,9753c487d24e873dfcca51b2af2e019c440b26551f36cc800f430c9912bca174,41382,2026-09-30T05:09:18.050108+08:00
p1/kernel_diag_phases.py,archive/p1/kernel_diag_phases.py,a66edf7641c66fa5e7f44bd18943c4667e9338e742edf3cddd54496aecab9791,23673,2026-09-30T05:09:18.050981+08:00
p1/kernel_diag_phases2.py,archive/p1/kernel_diag_phases2.py,83e5fd2fd52bcb9c6cf0f53139e11064bf79a7541a844e2b608d71ae9fa6ad5e,23645,2026-09-30T05:09:18.051970+08:00
p1/kernel_diag_phases_raise.py,archive/p1/kernel_diag_phases_raise.py,cad7b84fa7a85c6d3102898753896ca2d031728f26d05dc5b3e17a6430d20db4,23723,2026-09-30T05:09:18.052853+08:00
p1/kernel_diag_repl.py,archive/p1/kernel_diag_repl.py,e7c60f3b73484cc879cf4d2c34b620121fbc30703004ec8cba3c4d76ca386a30,42759,2026-09-30T05:09:18.053770+08:00
p1/kernel_diag_timing.py,archive/p1/kernel_diag_timing.py,df670ecf9445dce9dc2c9d83e19308c5d463d4582fd12fe67dd1c4ed0a57af74,18745,2026-09-30T05:09:18.054665+08:00
p1/kernel_diag_timing2.py,archive/p1/kernel_diag_timing2.py,663765db4c882e75af14150c328fcf7b4f1e3eb0c0016da6e23167b81830b212,18865,2026-09-30T05:09:18.055555+08:00
p1/kernel_diag_timing3.py,archive/p1/kernel_diag_timing3.py,9d2399ab1c7d0e6a75f50340b357065d662ca7a293606c9154262482041df72f,18739,2026-09-30T05:09:18.056528+08:00
p1/kernel_diag_v115_phases.py,archive/p1/kernel_diag_v115_phases.py,28bfb9441dc58574e4c201ee8e46c3358fb47a4afe60725d6fe4805d339de427,108823,2026-09-30T05:09:18.057537+08:00
p1/kernel_diag_v147_phases.py,archive/p1/kernel_diag_v147_phases.py,cf9aa1fb8a17630578108ddbc3a525ff0732673b5ba78ac59c78a409a9b99dc9,116766,2026-09-30T05:09:18.059180+08:00
p1/kernel_diag_v16_case2_phases.py,archive/p1/kernel_diag_v16_case2_phases.py,bb2a646dc39f364cd4e8c65da7c13de46526b7e907abb7cbf87f227dc9b9bbc6,89819,2026-09-30T05:09:18.060235+08:00
p1/kernel_diag_v16_phases.py,archive/p1/kernel_diag_v16_phases.py,d79ea4ed9a3b230bd04159b4a6260206c7e8efae9ece069f78ae031d8da76e3d,89640,2026-09-30T05:09:18.061468+08:00
p1/kernel_diag_v199_phases.py,archive/p1/kernel_diag_v199_phases.py,2b72b9db5c6fa3e408eee13e3de8cd4d5f2822900d183e625e0968be14b79e89,118232,2026-09-30T05:09:18.062449+08:00
p1/kernel_diag_v238_phases.py,archive/p1/kernel_diag_v238_phases.py,36db57997f4769da1a58e1132c5326a0e019d681e3eb10c9d1ecccb96d93eae9,118401,2026-09-30T05:09:18.063676+08:00
p1/kernel_diag_v98_phases.py,archive/p1/kernel_diag_v98_phases.py,fabe9a07810d8f58aa244126c7519e7da3e356a6ca8c25f9265d68ff1e269e48,103803,2026-09-30T05:09:18.064691+08:00
p1/kernel_directag_c256_case2pack.py,archive/p1/kernel_directag_c256_case2pack.py,f3da525dfc8569fdb5a7a863fe9fd33985e79720d8500d9d13733c9a69616e1a,28811,2026-09-30T05:09:18.065660+08:00
p1/kernel_directag_c64_case2pack.py,archive/p1/kernel_directag_c64_case2pack.py,7b30a0b6ba1a771ecd3ace8ced7feb39e7d95ca329d03d039485e28df2bf8d5b,28810,2026-09-30T05:09:18.066847+08:00
p1/kernel_directag_k4gt.py,archive/p1/kernel_directag_k4gt.py,bc715f2ae76b88c0dac923c888394d2377eca20dc2c1dd3b84d6ab37d1c1ed0d,27464,2026-09-30T05:09:18.068094+08:00
p1/kernel_directag_k4gt_v2.py,archive/p1/kernel_directag_k4gt_v2.py,7ed924aabf80eebfb7a8655da75eb5bdb95501527cefd586f0541e77ad9d6998,27396,2026-09-30T05:09:18.069204+08:00
p1/kernel_directag_routes.py,archive/p1/kernel_directag_routes.py,2cfa65566dc5b4bc58cb584cfcecb1ddb0bea713cbc636ea2d06ba06e95d3ceb,38314,2026-09-30T05:09:18.070325+08:00
p1/kernel_directag_routes_case6.py,archive/p1/kernel_directag_routes_case6.py,804637c647b4039adbb199b31083a734390351ffa6f1371c9a56ad1d7e6102b0,38563,2026-09-30T05:09:18.071518+08:00
p1/kernel_directag_routes_nonpack.py,archive/p1/kernel_directag_routes_nonpack.py,b7c963a26d8a0e25bb1b0c43e86c3b67041aff1226dfda28ce5e4378f7d38bf5,38239,2026-09-30T05:09:18.072575+08:00
p1/kernel_directag_routes_onebarrier.py,archive/p1/kernel_directag_routes_onebarrier.py,bad15f92d61a55946448b38fd70b20f6dc145fb0384f42eeab6c2d3225f2fef8,38478,2026-09-30T05:09:18.073572+08:00
p1/kernel_directag_routes_selectsort.py,archive/p1/kernel_directag_routes_selectsort.py,4f42e8436c1bfc63656eddb1e510885278b1fd60846d4feafee0c0aabfb15af6,38011,2026-09-30T05:09:18.074601+08:00
p1/kernel_directag_v2_case2pack.py,archive/p1/kernel_directag_v2_case2pack.py,7f25f2c28bb0da840ec46fc03e4293e7b75559f62bcfd96e2b44671f58939707,28811,2026-09-30T05:09:18.075493+08:00
p1/kernel_directag_v2_case2pack_diag.py,archive/p1/kernel_directag_v2_case2pack_diag.py,4f882a596866c91cc21fddb3749472032cbb2e14368a45de66a06579d28ec645,30280,2026-09-30T05:09:18.077001+08:00
p1/kernel_directag_v2_case2pack_e96pack.py,archive/p1/kernel_directag_v2_case2pack_e96pack.py,98471f98d0a0c691934bf55cd683f175b73f4bd3f01fb962c09022e28075edbd,28824,2026-09-30T05:09:18.078501+08:00
p1/kernel_directag_v2_packe8.py,archive/p1/kernel_directag_v2_packe8.py,ec49f2dea32f7eb1e9429bf273eabed5b74b500de4e2fa79f6f01c56bb7014d9,28796,2026-09-30T05:09:18.079666+08:00
p1/kernel_directchunk_full_w8.py,archive/p1/kernel_directchunk_full_w8.py,dcf3592d482cd6dfcc52a6a61d0960ce07b2c85d7f133e3d50748d55e4ed3d11,19993,2026-09-30T05:09:18.080517+08:00
p1/kernel_directdispatch_v2_case4.py,archive/p1/kernel_directdispatch_v2_case4.py,93c49ab0dc2f996e24ea98743bf8144b110f514f90981fe13522df13450e53da,24618,2026-09-30T05:09:18.081810+08:00
p1/kernel_directdispatch_v2_case4_c32w8.py,archive/p1/kernel_directdispatch_v2_case4_c32w8.py,d28f5462a1ecb6cd9d28e0dda7d721bbce22b3b61773d1de4f629f62c4446af5,24618,2026-09-30T05:09:18.083075+08:00
p1/kernel_directdispatch_v2_case4_c64w8.py,archive/p1/kernel_directdispatch_v2_case4_c64w8.py,2fa2ca156c93a14a0f687c083b48132282d81149a494474f91f2aa24e1462b92,24618,2026-09-30T05:09:18.084210+08:00
p1/kernel_directfull_v2.py,archive/p1/kernel_directfull_v2.py,d0794dab21ca54ea7d2325446f4b3ac7284520f0c937d0cd6c8c4c3b0473ece1,24110,2026-09-30T05:09:18.085175+08:00
p1/kernel_directfull_v2_case4.py,archive/p1/kernel_directfull_v2_case4.py,fc1620cef712b7ad89333004aae032993d992d456fb5e020e4afa273485a429d,24468,2026-09-30T05:09:18.086750+08:00
p1/kernel_directfull_v2_case4_bf16partial_vecprep.py,archive/p1/kernel_directfull_v2_case4_bf16partial_vecprep.py,3dc30772ce2d29afbc79db6cd75e03099d02d57b315ce6b1cc9f6503c594311e,24179,2026-09-30T05:09:18.088373+08:00
p1/kernel_directfull_v2_case4_e96repl.py,archive/p1/kernel_directfull_v2_case4_e96repl.py,a5f572691b6744f9445f63cdc10b7d3abdac6490f1dd48d9c1882289c966426b,24776,2026-09-30T05:09:18.089772+08:00
p1/kernel_directfull_v2_case4_hybridcombine.py,archive/p1/kernel_directfull_v2_case4_hybridcombine.py,88fe8991f2f91851035541c64dc28b23f29593feecc6215166160b7aebe26067,24812,2026-09-30T05:09:18.091267+08:00
p1/kernel_directfull_v2_case4_nosyncidx.py,archive/p1/kernel_directfull_v2_case4_nosyncidx.py,e5a2f5ddeb50228a593b19a8ab9a5b26b04fb81506ce13b0663fc28cfe628639,24562,2026-09-30T05:09:18.092529+08:00
p1/kernel_directfull_v2_case4_nosyncidx_bf16partial.py,archive/p1/kernel_directfull_v2_case4_nosyncidx_bf16partial.py,d0025b362d4aad1a9de18c8305c23fbf0b3c14f50f0b757df7362d116483c7e1,24536,2026-09-30T05:09:18.093422+08:00
p1/kernel_directfull_v2_case4_nosyncidx_diag.py,archive/p1/kernel_directfull_v2_case4_nosyncidx_diag.py,4a25f6b09b62d632a696370efcf1a6108758c180ea739d85a5ec13cba261c8fd,25682,2026-09-30T05:09:18.094617+08:00
p1/kernel_directfull_v2_case4_nosyncidx_sms132.py,archive/p1/kernel_directfull_v2_case4_nosyncidx_sms132.py,63d792e24db196e68cbd822aa62ad3bcb5b238a0abc1fc5297875f0fccd82506,24712,2026-09-30T05:09:18.095483+08:00
p1/kernel_directfull_v2_case4_nosyncidx_vecprep.py,archive/p1/kernel_directfull_v2_case4_nosyncidx_vecprep.py,9a251485c984f4ec8e6dfc5c30dc069429403c753605ef526c9263ef95615fe1,24205,2026-09-30T05:09:18.096309+08:00
p1/kernel_directfull_v2_dense_e32_e96.py,archive/p1/kernel_directfull_v2_dense_e32_e96.py,436d86f612bbaaf1cda786fd091a7c5048e8e3a632ad1da90af909b6fadfd892,24920,2026-09-30T05:09:18.097463+08:00
p1/kernel_directfull_v2_dense_e32_overlap_gather.py,archive/p1/kernel_directfull_v2_dense_e32_overlap_gather.py,46b7e3a24240643b8cf042a8b462071a74a36f3b7d656e9ec975492f72d0bce2,25891,2026-09-30T05:09:18.098375+08:00
p1/kernel_directfull_v2_fp8_e8.py,archive/p1/kernel_directfull_v2_fp8_e8.py,26541920b0f70484fc0f452b17d6015aa2bba55f15399886c4a27c4b3a7f93a9,29228,2026-09-30T05:09:18.100696+08:00
p1/kernel_directfull_v2_fp8_e8_downonly.py,archive/p1/kernel_directfull_v2_fp8_e8_downonly.py,ccae6f74daf2f9242acffb67ab9290f4425acb111fa67644a9f3d7c152c5ae8e,30033,2026-09-30T05:09:18.101987+08:00
p1/kernel_directfull_v2_fp8_e8_fixed.py,archive/p1/kernel_directfull_v2_fp8_e8_fixed.py,1ea52216de8ff2adfed7cbd39a8ce5b9b48d8dcfcc4c5e6210bb1e8464fa59dc,29248,2026-09-30T05:09:18.103596+08:00
p1/kernel_directfull_v2_fp8_e8_gateuponly.py,archive/p1/kernel_directfull_v2_fp8_e8_gateuponly.py,8332eedade10985761d3976d23ab974f667aafb9c06c131cb16e41b380b84899,30045,2026-09-30T05:09:18.104599+08:00
p1/kernel_directfull_v2_fp8_e8_tritonquant.py,archive/p1/kernel_directfull_v2_fp8_e8_tritonquant.py,c2eb980883dcb55eadf830947ab6f84bf32ab986d3a0c90c25657f8b4e3f7979,30375,2026-09-30T05:09:18.106302+08:00
p1/kernel_directfull_v2_fp8_e8_tritonquant_bn256.py,archive/p1/kernel_directfull_v2_fp8_e8_tritonquant_bn256.py,51c81e6ab95ec9baf60aa695292de5dffd709cdc0bf0740b776a3d32f80cb3f9,30375,2026-09-30T05:09:18.108141+08:00
p1/kernel_directfull_v2_fp8_e8_tritonquant_bn256_bk256.py,archive/p1/kernel_directfull_v2_fp8_e8_tritonquant_bn256_bk256.py,2800f24497dca0049504c223fa8480eb590d5c67b33af3b0920d4286c5886dbe,30375,2026-09-30T05:09:18.110067+08:00
p1/kernel_directfull_v2_fp8_e8_tritonquant_bn256_bk64.py,archive/p1/kernel_directfull_v2_fp8_e8_tritonquant_bn256_bk64.py,9972f5b2f293dbbc878d8d212b768faa1cf4059028b735fbc51ed9bf678bccaa,30374,2026-09-30T05:09:18.111356+08:00
p1/kernel_directfull_v2_fp8_e8_tritonquant_bn256_stages4.py,archive/p1/kernel_directfull_v2_fp8_e8_tritonquant_bn256_stages4.py,40c73a8a94148e901b575b53f9c1d72de49f9ee7dc9b572b3d71fcf604ea157b,30375,2026-09-30T05:09:18.112183+08:00
p1/kernel_directfull_v2_fp8_e8_tritonquant_bn256_w16.py,archive/p1/kernel_directfull_v2_fp8_e8_tritonquant_bn256_w16.py,2bf5ebfcb1137ee504c6b9401719f4ded2e5aba30ca778c0beac5655123a4f9b,30376,2026-09-30T05:09:18.113063+08:00
p1/kernel_directfull_v2_fp8_e8_tritonquant_diag.py,archive/p1/kernel_directfull_v2_fp8_e8_tritonquant_diag.py,00af43df5eae407a5983f90b13d156a0d973f93cda94ffc5fece61bdd82d9a8e,31402,2026-09-30T05:09:18.114306+08:00
p1/kernel_directfull_v2_hybridcombine_dense_e32.py,archive/p1/kernel_directfull_v2_hybridcombine_dense_e32.py,c1dbb22f5e67260ee4c610e434fba01e732e1fb53f499edbd1d2e7e5ece48a5d,25698,2026-09-30T05:09:18.115864+08:00
p1/kernel_down_gm16.py,archive/p1/kernel_down_gm16.py,8b130fea36d6ac1dedffd7f1f2fb448b0d7345a875a117232a3efc6b94406fbe,86270,2026-09-30T05:09:18.117097+08:00
p1/kernel_e256_ag_c16.py,archive/p1/kernel_e256_ag_c16.py,e652226f9ec0db70ac94244b9e7722719fcad2f362c958fcde6e0d714cfa94b8,41842,2026-09-30T05:09:18.119016+08:00
p1/kernel_e256_ag_c32.py,archive/p1/kernel_e256_ag_c32.py,ba68ff1613b0d81ef4097610bcc03ab70ed1e52cf90410fe918cf05818b8b24d,41842,2026-09-30T05:09:18.119933+08:00
p1/kernel_e256_ag_c64.py,archive/p1/kernel_e256_ag_c64.py,fb561a8b5812e36d1699a23674b7dbe1f08dad7681ae69aea6fc908efa2c16f5,41842,2026-09-30T05:09:18.121168+08:00
p1/kernel_e256_nccl_ag.py,archive/p1/kernel_e256_nccl_ag.py,7c513c139c93e96ccc0b4158d2bf10e9c7d94ea7bddc0190ea0bfeba48ff1ce7,41945,2026-09-30T05:09:18.122278+08:00
p1/kernel_e256_packed_route.py,archive/p1/kernel_e256_packed_route.py,c5ddab55ea49b7a84e7e0b746a36759152f8aae2a82322baf9b444febc96d159,40627,2026-09-30T05:09:18.124632+08:00
p1/kernel_e256_repl.py,archive/p1/kernel_e256_repl.py,079c7e3ec24df1d8ebbebe89cf4cee25d76f483ef44b935ef2987be2a08a1127,41719,2026-09-30T05:09:18.125896+08:00
p1/kernel_e64_repl.py,archive/p1/kernel_e64_repl.py,0a6f066637b4b85e271e3be1c9c3d3d6b931eefb783c622c4b5bec70bae1a4d9,41411,2026-09-30T05:09:18.126884+08:00
p1/kernel_e8_repl.py,archive/p1/kernel_e8_repl.py,e3e6ab1c57119107044f41fe44b38f07d669e07ad2e3ec93bf732e8856c62bbd,41104,2026-09-30T05:09:18.127813+08:00
p1/kernel_e8md.py,archive/p1/kernel_e8md.py,33db8520ae3883eee946bcb353297d350f2d7b7104e8e6ec3febcbf475174558,195814,2026-09-30T05:09:18.129050+08:00
p1/kernel_e96_repl.py,archive/p1/kernel_e96_repl.py,7111633c26425c81269742651f87647585bc442091338114f910235da67af50b,40797,2026-09-30T05:09:18.129976+08:00
p1/kernel_epicyc.py,archive/p1/kernel_epicyc.py,713a7f80bd487e2fb80df5bea4fa19d8ce07c67b0f1fa88a0e7aa0d712e8f8b4,197658,2026-09-30T05:09:18.131186+08:00
p1/kernel_epicyc2.py,archive/p1/kernel_epicyc2.py,1082d3643e2982fe2b7e7873002756053aa75b1ccb762e604b8ba06d689d154c,198158,2026-09-30T05:09:18.132266+08:00
p1/kernel_fast_a2a.py,archive/p1/kernel_fast_a2a.py,cab9318ad874bb84afd8dd834f466de8fd8201bc9501c72d131656b8e0467a8b,18326,2026-09-30T05:09:18.133172+08:00
p1/kernel_fast_a2a_fixcombine.py,archive/p1/kernel_fast_a2a_fixcombine.py,bc8c06a2b9ddb7ab2f3707156617514215d75612ad94d5e593e34296c6649fd2,18335,2026-09-30T05:09:18.134073+08:00
p1/kernel_fast_a2a_init.py,archive/p1/kernel_fast_a2a_init.py,ffa332b2d026c576251a739cbe48ddd0a3f267d071576d331c4f7863b08bdc15,18698,2026-09-30T05:09:18.134922+08:00
p1/kernel_fastag_k4gt.py,archive/p1/kernel_fastag_k4gt.py,3130efccdc763fd8d7572d7b631143a840cbbd86bb5a8cb6740879e12a9bcead,27008,2026-09-30T05:09:18.135802+08:00
p1/kernel_final_candidate.py,archive/p1/kernel_final_candidate.py,9426d3cd2ccbd0c0eb0d29f4ace6e4de51481b72caec16af34eb8349ed92a368,17767,2026-09-30T05:09:18.136614+08:00
p1/kernel_fp8.py,archive/p1/kernel_fp8.py,2d305699db936681060ef586809c13098bdad626c6d310e0ebfeeb6cb69cd50c,14384,2026-09-30T05:09:18.137513+08:00
p1/kernel_fp8_bf16dot.py,archive/p1/kernel_fp8_bf16dot.py,60494883ec7c73b8d752a2309ae22011108b316590502222f21454a13ddbcf69,81467,2026-09-30T05:09:18.138301+08:00
p1/kernel_fp8_bm256.py,archive/p1/kernel_fp8_bm256.py,e8dcb9c295f245c77af65ee6802932f7407900dc560c0c42a7d10db2b208bbc4,81776,2026-09-30T05:09:18.139204+08:00
p1/kernel_fp8_bm64half.py,archive/p1/kernel_fp8_bm64half.py,9cc53d1eaf5ab316cb705ac2a22a8ca214da91d6250af8c07bb802ef3978dd23,81522,2026-09-30T05:09:18.140130+08:00
p1/kernel_fp8_bt.py,archive/p1/kernel_fp8_bt.py,011efa0cca84f4bea0fe7c82697dd16c66755963528232bc531a56aefbfe2c8d,81622,2026-09-30T05:09:18.141220+08:00
p1/kernel_fp8_case10.py,archive/p1/kernel_fp8_case10.py,c1640651752c1076ab30fe7934e9e07303d5370902d5148d47a8e002586b8151,61501,2026-09-30T05:09:18.142184+08:00
p1/kernel_fp8_case2_bn128.py,archive/p1/kernel_fp8_case2_bn128.py,031a1b0d59af1428b04244f83f3112b65b4d50234f852a9c3f90c309074ac426,61522,2026-09-30T05:09:18.143150+08:00
p1/kernel_fp8_case2_downonly.py,archive/p1/kernel_fp8_case2_downonly.py,bbf586ff52c799b3a267a1322323b35686d02eed5e6702e7dd6c38eb958c0195,60246,2026-09-30T05:09:18.144188+08:00
p1/kernel_fp8_down_persistent_v2.py,archive/p1/kernel_fp8_down_persistent_v2.py,acd3a4f059cfa37d1390c3def46263a22f977e8278f1628494289392ffebf402,88611,2026-09-30T05:09:18.145510+08:00
p1/kernel_fp8_e8_case5.py,archive/p1/kernel_fp8_e8_case5.py,b2f3e2b30794f9efbc6d91585e3da32f722bd61004075bf423ddbed3a8dc4c19,60178,2026-09-30T05:09:18.146579+08:00
p1/kernel_fp8_e8_gateup_only.py,archive/p1/kernel_fp8_e8_gateup_only.py,e17789a688119189d1a06b339111624499d820d4454f365bdc4b6e9aa00a1831,60149,2026-09-30T05:09:18.148105+08:00
p1/kernel_fp8_e8_repl.py,archive/p1/kernel_fp8_e8_repl.py,7bfc99f050aa4a223d711e07e38a037a9622e7b592c1d529c653167ce6e3b859,60029,2026-09-30T05:09:18.149198+08:00
p1/kernel_fp8_e8_repl_cleanup.py,archive/p1/kernel_fp8_e8_repl_cleanup.py,1ec2deb0c45fe21a3a9cf7db24e99286e38461a11904b28a6c02e305698dc397,60151,2026-09-30T05:09:18.150086+08:00
p1/kernel_fp8_e96.py,archive/p1/kernel_fp8_e96.py,fe1f5d8931e7c562cfc10495ec56595421254469bfc0dcca43a63671a34e07ef,60205,2026-09-30T05:09:18.151026+08:00
p1/kernel_fp8_e96_case9.py,archive/p1/kernel_fp8_e96_case9.py,44300c1d0572c352e7dbc267619d4950bd70c80eb9978d9a685a1efdd663ef94,61473,2026-09-30T05:09:18.151974+08:00
p1/kernel_fp8_fused_repl.py,archive/p1/kernel_fp8_fused_repl.py,4fc575c01e9a0c509eb72af3961a09aacc71d15ddc4ab909e07980215b3493c6,28427,2026-09-30T05:09:18.152734+08:00
p1/kernel_fp8_persistent.py,archive/p1/kernel_fp8_persistent.py,833877638df7c16ab9b7d803cdfd537b12c1feb0087ff88cee36d85471b75c03,83551,2026-09-30T05:09:18.153653+08:00
p1/kernel_fp8_persistent_tritonjit.py,archive/p1/kernel_fp8_persistent_tritonjit.py,3da0759a7e5bb387fe669b69fe58b3a6ef2379b044cef7ed7b47fd91cdb5b46b,83546,2026-09-30T05:09:18.154716+08:00
p1/kernel_fp8_repl_proto.py,archive/p1/kernel_fp8_repl_proto.py,14b827dfe48aeb2facffe15d14406e67404d891dc6db740a974a9ee90f9aa697,28409,2026-09-30T05:09:18.155631+08:00
p1/kernel_fp8_repl_proto_bf16max.py,archive/p1/kernel_fp8_repl_proto_bf16max.py,d4efff2c85af9b6ba550168412c2b3b95501a2bfd15344b95ca0ef3817260ea7,28401,2026-09-30T05:09:18.156522+08:00
p1/kernel_fp8_repl_proto_diag.py,archive/p1/kernel_fp8_repl_proto_diag.py,2fbce86c6aa2342d7fe2893344ea8132e5255d1c6d999d3ca15e21ac7f8cfae9,29345,2026-09-30T05:09:18.157446+08:00
p1/kernel_fp8_repl_proto_diag_split.py,archive/p1/kernel_fp8_repl_proto_diag_split.py,c7c2a78068f5604d91025864399b97aed2bc2a9899ae85a625b6513455c498e8,29430,2026-09-30T05:09:18.158334+08:00
p1/kernel_fp8_repl_proto_mulquant.py,archive/p1/kernel_fp8_repl_proto_mulquant.py,3371e71b68143633182edfae7f58ee65401947c108f31411f6bd384c2645a0ac,28433,2026-09-30T05:09:18.159078+08:00
p1/kernel_fp8_repl_proto_mulquant_diag.py,archive/p1/kernel_fp8_repl_proto_mulquant_diag.py,c00012556b50f1fffdc122e15e13325d8895a6ba740dfe03366f14f7772edb6e,29373,2026-09-30T05:09:18.159873+08:00
p1/kernel_fp8_repl_tritonquant.py,archive/p1/kernel_fp8_repl_tritonquant.py,802bbf95971e90f1249f37b1988e3fe48c79a59bb014a98eff97dd15e6fcb878,29536,2026-09-30T05:09:18.160778+08:00
p1/kernel_fp8_repl_tritonquant_bn256.py,archive/p1/kernel_fp8_repl_tritonquant_bn256.py,636f1f6d5b261389ba7d177d6a53c261c84b6a14050304cf0ac0755bdf4d6fce,29536,2026-09-30T05:09:18.161739+08:00
p1/kernel_fp8_repl_tritonquant_diag.py,archive/p1/kernel_fp8_repl_tritonquant_diag.py,78fe007a85742189c7315bacb011233580a1de226fc5113836f52d02872cd417,30473,2026-09-30T05:09:18.162688+08:00
p1/kernel_fp8_repl_v2.py,archive/p1/kernel_fp8_repl_v2.py,cf1a2d3104e78a36088bd8f173f3cb4e30e4a8899a511551e4eaf7cbab24b770,27746,2026-09-30T05:09:18.163465+08:00
p1/kernel_fp8_repl_v3.py,archive/p1/kernel_fp8_repl_v3.py,9bd30b9380fd478f8f85a0b2f03ca6f81c32b3a671de064209992caf93f95425,27389,2026-09-30T05:09:18.164338+08:00
p1/kernel_fp8_repl_v3_diag.py,archive/p1/kernel_fp8_repl_v3_diag.py,b04595c7e9a777ed16dde2e64aed014b453f133b9259cb40c402243da42b2118,27691,2026-09-30T05:09:18.165190+08:00
p1/kernel_fp8_s2.py,archive/p1/kernel_fp8_s2.py,cbc6904452aeb484e017eaa431d5140981eb985e9afa08cb837d7fbe463bdae3,81435,2026-09-30T05:09:18.166035+08:00
p1/kernel_fp8_small.py,archive/p1/kernel_fp8_small.py,519b81d5037b0c88c268e6448ad43dfa9fc948d8f615473d0acf91b706112173,81489,2026-09-30T05:09:18.167024+08:00
p1/kernel_fp8_swiglu_quant.py,archive/p1/kernel_fp8_swiglu_quant.py,61a7eab1ab95687be2ca65276ceb892189b59b2af37d1c9600263abe627a9f3b,64774,2026-09-30T05:09:18.168368+08:00
p1/kernel_fp8_swizzle.py,archive/p1/kernel_fp8_swizzle.py,08a9c46ae74861dcf887e2dc6567eb0dacd44b7f8e21727c48800efd0c4d2d45,81553,2026-09-30T05:09:18.169456+08:00
p1/kernel_fp8_token_dispatch_all.py,archive/p1/kernel_fp8_token_dispatch_all.py,ca2b11859528ad1afbe30e00c59ce7b75c6bba402b972f69700ed5f80f1af0c2,26664,2026-09-30T05:09:18.170471+08:00
p1/kernel_fp8_token_dispatch_all_v2.py,archive/p1/kernel_fp8_token_dispatch_all_v2.py,ca4f678b26eb38203bb609b2d4fc78ba27858b119a8f092756f37f6cbbba1c1e,26596,2026-09-30T05:09:18.171402+08:00
p1/kernel_fp8_tokens_e8.py,archive/p1/kernel_fp8_tokens_e8.py,b53be2dd9bf7873c0cdc1c57b24ad071847d83d91df267b0af4d921d00c48e1c,30412,2026-09-30T05:09:18.172326+08:00
p1/kernel_fp8_tokens_e8_v2.py,archive/p1/kernel_fp8_tokens_e8_v2.py,f98335cb6b263bf432a8ae9ebd472b4859da2a9fc4a27e24b20f2874261e073d,30602,2026-09-30T05:09:18.174682+08:00
p1/kernel_fp8_w4.py,archive/p1/kernel_fp8_w4.py,3418b219eef79b8a87a50c10649c30b64b9deb37d3126bbd9704effe09e8133e,81435,2026-09-30T05:09:18.175811+08:00
p1/kernel_fp8gm16.py,archive/p1/kernel_fp8gm16.py,0d33244f5a58266874bda2bc2c4640ebbe5055db527a3213c0043b94d1cce75c,81671,2026-09-30T05:09:18.176762+08:00
p1/kernel_fused_bk64.py,archive/p1/kernel_fused_bk64.py,dd49ec49e9adb6aae05167ef7b382e8acc9ab116d4095e877d2a1a5e17f3dbaf,86268,2026-09-30T05:09:18.177738+08:00
p1/kernel_fused_bn64.py,archive/p1/kernel_fused_bn64.py,aad4c71e6c5e6816f8c62e4f40c98732d9b66c4c816dc88c4f7866a18dc5472c,86267,2026-09-30T05:09:18.178675+08:00
p1/kernel_fused_fp8gm16.py,archive/p1/kernel_fused_fp8gm16.py,6bd90e8a67eaff8e19d594eeb4130e76e86c5288dedbd94a8f51a8ec45de5190,86270,2026-09-30T05:09:18.179594+08:00
p1/kernel_fused_gateup_swiglu.py,archive/p1/kernel_fused_gateup_swiglu.py,a0541ce5b8a477f4580dada0c4e3bbf6efed0c475552bc1cf2721c19058278b9,86269,2026-09-30T05:09:18.180545+08:00
p1/kernel_fused_gather_sum.py,archive/p1/kernel_fused_gather_sum.py,5173218c45def365c9fc29f7a4b4bb2e29a7c3d837fb4297fdd2890036b1516a,38199,2026-09-30T05:09:18.181561+08:00
p1/kernel_fused_gather_sum_selective.py,archive/p1/kernel_fused_gather_sum_selective.py,b862d7184c7a0a6ca6d94ee320fb769974df9d82e8d1d8810a9ce8c5ab1d4f7f,38397,2026-09-30T05:09:18.182548+08:00
p1/kernel_fused_gather_sum_v2.py,archive/p1/kernel_fused_gather_sum_v2.py,25670dc9f0eb5841dfd70b08481a7a6f164cb4b478b44764618758b47b5c0724,38196,2026-09-30T05:09:18.183458+08:00
p1/kernel_fused_gather_sum_v2_routecase6.py,archive/p1/kernel_fused_gather_sum_v2_routecase6.py,3e68f747aed3475a734569dbec4aa44351223d87ccd0d790ca1f101516dbb90b,40057,2026-09-30T05:09:18.184434+08:00
p1/kernel_fused_gm2.py,archive/p1/kernel_fused_gm2.py,788b5f8b16107a7de84bed92678b677ab1389ba47ef8b4c5cc245b1e5a690128,86269,2026-09-30T05:09:18.185499+08:00
p1/kernel_fused_int8_bn64.py,archive/p1/kernel_fused_int8_bn64.py,6d8d8b3eaa823bd7babf5de4400437315f80d87f5db54629add25e4e325c6db5,89956,2026-09-30T05:09:18.186416+08:00
p1/kernel_fused_int8_gateup.py,archive/p1/kernel_fused_int8_gateup.py,b491ca50263028f6f8ffb661d11d5cc5a617d38343b60daeee4b9f641aba1521,89958,2026-09-30T05:09:18.187468+08:00
p1/kernel_fused_swiglu.py,archive/p1/kernel_fused_swiglu.py,38f3d6fb14f20f3abe5eb3316c10fa5abdbe13c1c6334f848fdeee750916ceab,20558,2026-09-30T05:09:18.188524+08:00
p1/kernel_gathersum_bh2048.py,archive/p1/kernel_gathersum_bh2048.py,23f25989cd2601d493351e43bacc493aaae9502ce6e097dff599f2b3b8ab7d9b,40424,2026-09-30T05:09:18.189458+08:00
p1/kernel_gathersum_bh_mixed.py,archive/p1/kernel_gathersum_bh_mixed.py,db4edff745aa094af4446f6fe92e0c3cfd0744114c3720b58d33a7b327fd1ed4,40489,2026-09-30T05:09:18.190374+08:00
p1/kernel_gm16.py,archive/p1/kernel_gm16.py,178becd3f2fd9e45a5703d02536146ebed67e1c1d22818f5cce7ab6b07b94f08,195833,2026-09-30T05:09:18.191448+08:00
p1/kernel_gm2.py,archive/p1/kernel_gm2.py,d6567ac008b47e22e69a47ae3b8e883618f23542600b17084cc85490061a6ac3,81670,2026-09-30T05:09:18.192347+08:00
p1/kernel_gm4.py,archive/p1/kernel_gm4.py,0e9280444e94833dd97669fb2ab9c88e0228b3062fc20bf3af22586a3785b4e2,81670,2026-09-30T05:09:18.193279+08:00
p1/kernel_gmsweep.py,archive/p1/kernel_gmsweep.py,308d16608f6214a1c01dbe65ac7fc6a252a8eb05decd18fcc56142260bd30694,197384,2026-09-30T05:09:18.194503+08:00
p1/kernel_hybrid.py,archive/p1/kernel_hybrid.py,826339ccae6234c6a953aa9c3a65e96c062d6d2a185f662b20eba05a024f3d6a,17191,2026-09-30T05:09:18.195448+08:00
p1/kernel_hybrid_case9_direct_route.py,archive/p1/kernel_hybrid_case9_direct_route.py,e27d57658cce51a14ad717388c9e4d72512edf593f81856a2f0b72b626258869,77654,2026-09-30T05:09:18.196377+08:00
p1/kernel_hybrid_direct96_case3ag.py,archive/p1/kernel_hybrid_direct96_case3ag.py,c7d806ebd1db59e7dc9efc9d79663e1f2b6b7e0c3bd6f1d56fbfa82af2ee02fd,21881,2026-09-30T05:09:18.197311+08:00
p1/kernel_hybrid_direct96_case3ag_2d.py,archive/p1/kernel_hybrid_direct96_case3ag_2d.py,9c8887383dff1b9a23e9dfb1415648dec788d237bf0b95eac9334b25fa88f5ee,22259,2026-09-30T05:09:18.198214+08:00
p1/kernel_hybrid_direct96_case3ag_ag11.py,archive/p1/kernel_hybrid_direct96_case3ag_ag11.py,ed0aa534bac5f19d13bbfb1252c8a95a655eeeac875c516ca16eafc209c7465c,21938,2026-09-30T05:09:18.199450+08:00
p1/kernel_hybrid_direct96_case3ag_c16.py,archive/p1/kernel_hybrid_direct96_case3ag_c16.py,27dcf4e5f752f462ebe0e497ca331d645f4a3f50b185a27184d1b7a6baea1d8a,21881,2026-09-30T05:09:18.200669+08:00
p1/kernel_hybrid_direct96_case3ag_c64.py,archive/p1/kernel_hybrid_direct96_case3ag_c64.py,09e5355c39f7c936badc9be438048be7aeb8f38b7ef9a674d4d1f919c44a11e7,21881,2026-09-30T05:09:18.201808+08:00
p1/kernel_hybrid_direct96_case4ag.py,archive/p1/kernel_hybrid_direct96_case4ag.py,9e6e92a29e88d2ad8dbec6be4c303615d0abc2ae571a1b35fe969ea9d106f6ae,21867,2026-09-30T05:09:18.202877+08:00
p1/kernel_hybrid_dispatch_densecombine.py,archive/p1/kernel_hybrid_dispatch_densecombine.py,571abb437a6584954c1e477e94cec2a3ecbec3414b47f788309ae76d90028536,24327,2026-09-30T05:09:18.203780+08:00
p1/kernel_hybrid_dispatch_densecombine_fp32.py,archive/p1/kernel_hybrid_dispatch_densecombine_fp32.py,f2582f000b3e9e68b6699abbd8f6c07de9941b1e505798d9330ff1745dd07500,24353,2026-09-30T05:09:18.204723+08:00
p1/kernel_hybrid_int8_case2_bn128.py,archive/p1/kernel_hybrid_int8_case2_bn128.py,28ed5095dff2710767cb93b07f09c9b6ec20be6c852543ee3d14958980712714,77529,2026-09-30T05:09:18.205753+08:00
p1/kernel_hybrid_int8_case3_case12fp8.py,archive/p1/kernel_hybrid_int8_case3_case12fp8.py,aeebeeecbf267df0ba47579dfaa46b0f79c8e51c2003d8d4e5e697835c0fe766,77480,2026-09-30T05:09:18.206753+08:00
p1/kernel_hybrid_int8_case3fp8.py,archive/p1/kernel_hybrid_int8_case3fp8.py,1ee64efeeeb16409f0bbb5269f4c09321bc13b0a2fc22771a8afb4de43941d09,77495,2026-09-30T05:09:18.209427+08:00
p1/kernel_hybrid_int8_gateonly_case10down.py,archive/p1/kernel_hybrid_int8_gateonly_case10down.py,d8311ee345a0482505fc098fb644021bad7c1f45df0f01b333d6d195bc698f22,77453,2026-09-30T05:09:18.210396+08:00
p1/kernel_hybrid_k4.py,archive/p1/kernel_hybrid_k4.py,45821c7a6177f74890cceef819702163b0ce800bc7df8bb9e00e94d7727266c2,17191,2026-09-30T05:09:18.211294+08:00
p1/kernel_hybrid_k4_bf16red.py,archive/p1/kernel_hybrid_k4_bf16red.py,de3b7b6333fa28aa63056dbe08a8cf0d18fdcd8c9eb40d7462911fa3c4ae693b,17352,2026-09-30T05:09:18.212024+08:00
p1/kernel_hybrid_k4_bn.py,archive/p1/kernel_hybrid_k4_bn.py,d2af6f0216d8b8bfdb619189d7cbb7a8dcda58ba43b43afcb1223557f8800a27,17347,2026-09-30T05:09:18.212780+08:00
p1/kernel_hybrid_k4_pack.py,archive/p1/kernel_hybrid_k4_pack.py,587a17ed651aed5f4247b63ad770887342e5290b41e3462f3e92b709b6318ec7,17474,2026-09-30T05:09:18.213677+08:00
p1/kernel_hybrid_k4_packmeta.py,archive/p1/kernel_hybrid_k4_packmeta.py,1de6654b98dc4314f8afab78e8a76360e22363224c2c504879cf6f578e98b1de,17134,2026-09-30T05:09:18.214419+08:00
p1/kernel_hybrid_k4_packmeta_gatherflat.py,archive/p1/kernel_hybrid_k4_packmeta_gatherflat.py,73cf7b833fd03e5229de2ff2c3c729daf44ebda99ece784716d448536ee1202e,17208,2026-09-30T05:09:18.215159+08:00
p1/kernel_hybrid_k4_packmeta_gatherflat_bf16cond.py,archive/p1/kernel_hybrid_k4_packmeta_gatherflat_bf16cond.py,b82820377b0c4598ed30162da7f8fd12322c1c8213ecf23d1c2ab1de7a4119d9,17720,2026-09-30T05:09:18.216173+08:00
p1/kernel_hybrid_k4_packmeta_gatherflat_bf16cond2.py,archive/p1/kernel_hybrid_k4_packmeta_gatherflat_bf16cond2.py,1b29fd7a8fa7f8de7a026737c7dcb259c5bdb8d10b8f6cdf7f8836a661369c4c,17748,2026-09-30T05:09:18.216923+08:00
p1/kernel_hybrid_k4_packmeta_gatherflat_bf16cond_bf16branch.py,archive/p1/kernel_hybrid_k4_packmeta_gatherflat_bf16cond_bf16branch.py,c2706f3743491e892813983b9dbf2d915406ddd2776e46ef6ec330537023d206,17899,2026-09-30T05:09:18.217805+08:00
p1/kernel_hybrid_k4_packmeta_gatherflat_bf16cond_emptybranch.py,archive/p1/kernel_hybrid_k4_packmeta_gatherflat_bf16cond_emptybranch.py,c588446cd9787f7a72c4d02fd04371a4f1f1a89077f87bcc2542f76fef4406f1,17753,2026-09-30T05:09:18.218727+08:00
p1/kernel_hybrid_k4_packmeta_gatherflat_bf16cond_nosync.py,archive/p1/kernel_hybrid_k4_packmeta_gatherflat_bf16cond_nosync.py,4fa8c749c2975826fb1336329bfa680dea53742863fe3d059e0925474cb1f62e,17820,2026-09-30T05:09:18.219646+08:00
p1/kernel_hybrid_k4_packmeta_gatherflat_bf16cond_tune56.py,archive/p1/kernel_hybrid_k4_packmeta_gatherflat_bf16cond_tune56.py,318ac9e88fff3aa567239f604a0b77e443567c5428daf67fdaf00aa4dff011c7,18813,2026-09-30T05:09:18.220450+08:00
p1/kernel_hybrid_k4_packmeta_gatherflat_bf16red.py,archive/p1/kernel_hybrid_k4_packmeta_gatherflat_bf16red.py,3d1c7846201b245b22a53ccaa43009e538c6022e6db34ca42ea0a1fa975e3100,17274,2026-09-30T05:09:18.221473+08:00
p1/kernel_hybrid_k4_packmeta_gatherflat_cond.py,archive/p1/kernel_hybrid_k4_packmeta_gatherflat_cond.py,7e6bf84326295930f61d62c9ebdc03707bc3592bdb546f9bfe16697acf99f486,17234,2026-09-30T05:09:18.222770+08:00
p1/kernel_hybrid_k4_packmeta_gatherflat_ggtune.py,archive/p1/kernel_hybrid_k4_packmeta_gatherflat_ggtune.py,e6019e3e1834abce391f14a159fdc3bc13a123d0af2aeee3da20ff99a2c3ba1f,17382,2026-09-30T05:09:18.223733+08:00
p1/kernel_hybrid_k4_packmeta_gatherflat_ggtune2.py,archive/p1/kernel_hybrid_k4_packmeta_gatherflat_ggtune2.py,ce26843bdc582e2c5178022f9ceae11599dbea4811b1030b82affcb0023ed70d,17552,2026-09-30T05:09:18.224623+08:00
p1/kernel_hybrid_k4_packmeta_gatherflat_idxadd.py,archive/p1/kernel_hybrid_k4_packmeta_gatherflat_idxadd.py,ea84e5f36751e646e510f846c335423bfe631a69bdadd5390c6bd12615dde942,17156,2026-09-30T05:09:18.225510+08:00
p1/kernel_hybrid_k4_packmeta_gatherflat_lista2a.py,archive/p1/kernel_hybrid_k4_packmeta_gatherflat_lista2a.py,4e3b14917931a7dd7f1dc06393e2bdcb516b3768d0293773b26f11547eb24735,17223,2026-09-30T05:09:18.226289+08:00
p1/kernel_hybrid_k4_packmeta_gatherflat_p2p.py,archive/p1/kernel_hybrid_k4_packmeta_gatherflat_p2p.py,620d9557b52e3ad4528f3e470efe7efeae55862187004ee3af2bb0aaefaa4a17,17825,2026-09-30T05:09:18.227244+08:00
p1/kernel_hybrid_k4_packmeta_gatherflat_packrouting.py,archive/p1/kernel_hybrid_k4_packmeta_gatherflat_packrouting.py,30cc04a4cf99877654a4c3798c8aae17314041e3047a03cb7003013891d359f1,17296,2026-09-30T05:09:18.228165+08:00
p1/kernel_hybrid_k4_packmeta_gatherflat_pad.py,archive/p1/kernel_hybrid_k4_packmeta_gatherflat_pad.py,3a389da07c14755b9df1fcfc357d7c27ced5c49f046a3022a418de70bd3abb9f,20003,2026-09-30T05:09:18.229006+08:00
p1/kernel_hybrid_k4_packmeta_gatherflat_pad2.py,archive/p1/kernel_hybrid_k4_packmeta_gatherflat_pad2.py,d497735b5044b62e66186d90e4c1a4a492da33ad2dd2fb658f86b9fe763b1a66,19773,2026-09-30T05:09:18.229733+08:00
p1/kernel_hybrid_k4_packmeta_gatherflat_pers.py,archive/p1/kernel_hybrid_k4_packmeta_gatherflat_pers.py,d2ad36e357dad6857509c0aa73e7293eff49506b9266d070a15c8fa3e016cfa0,17258,2026-09-30T05:09:18.230614+08:00
p1/kernel_hybrid_k4_packmeta_gatherflat_th3.py,archive/p1/kernel_hybrid_k4_packmeta_gatherflat_th3.py,8db9f633c1c966d5b02be114a999e4e8986ca1314ba0a29c90939a5659c49a52,17208,2026-09-30T05:09:18.231521+08:00
p1/kernel_hybrid_k4_packmeta_gatherflat_viewsum.py,archive/p1/kernel_hybrid_k4_packmeta_gatherflat_viewsum.py,d5d77b82fe14843c29d60f38f774d42a0535f1bd5bebc25e090aaaf5d3909299,17159,2026-09-30T05:09:18.232250+08:00
p1/kernel_hybrid_k4_packmeta_metacache.py,archive/p1/kernel_hybrid_k4_packmeta_metacache.py,9339fc44aedd8c066742a0a52e8843a6c383c583f97769d75a26a9b7639cbab9,17890,2026-09-30T05:09:18.233129+08:00
p1/kernel_hybrid_k4_packmeta_offswig.py,archive/p1/kernel_hybrid_k4_packmeta_offswig.py,b9c473d79cc70a0692d6a27b8d0885e4c2f6a99d2f286e26224bce74e6b504bf,17154,2026-09-30T05:09:18.234025+08:00
p1/kernel_hybrid_k4_packmeta_swig.py,archive/p1/kernel_hybrid_k4_packmeta_swig.py,e8c1eb1fd97049f307f5a8546ba0e7c93612c61a2a358d7ee5443615f328ad75,17346,2026-09-30T05:09:18.234843+08:00
p1/kernel_hybrid_k4_reduce.py,archive/p1/kernel_hybrid_k4_reduce.py,6d837f506b83b92e562ef8dea909b5d393b55ef5fd7a035163b3710a89fcac22,18085,2026-09-30T05:09:18.235615+08:00
p1/kernel_hybrid_k4_tune1.py,archive/p1/kernel_hybrid_k4_tune1.py,f516c1fb9d6e275e41dff024da31b3c72ed824a00dea3883e447ee116e7e2473,17283,2026-09-30T05:09:18.236389+08:00
p1/kernel_index_select.py,archive/p1/kernel_index_select.py,d7a5551c1ba74f6e6b349cef9cf85caf67bd66ce0295b670eb2c0e43e26b31e7,40498,2026-09-30T05:09:18.237190+08:00
p1/kernel_innov_gg_bk32.py,archive/p1/kernel_innov_gg_bk32.py,9b4a6dc0a3fdb8572f2f90ae3aee04e93e8bbc1e6420f24446a92bee29478427,17778,2026-09-30T05:09:18.237949+08:00
p1/kernel_innov_gg_bn64.py,archive/p1/kernel_innov_gg_bn64.py,3bba816e1465f470b7b160710f9564bdb67dc29d4cfd9508a5d71599ae7c17fc,17778,2026-09-30T05:09:18.238697+08:00
p1/kernel_innov_gg_gm2.py,archive/p1/kernel_innov_gg_gm2.py,400462007541ede2147dee343ae445ab9ebc9788605bd16fb0a964331b3a5acd,17776,2026-09-30T05:09:18.239427+08:00
p1/kernel_innov_gg_stages4.py,archive/p1/kernel_innov_gg_stages4.py,d2ecc339bbaffcea56d94a71108bc8cc1eb97eadfbfef38879cd407e003feb6a,17772,2026-09-30T05:09:18.240163+08:00
p1/kernel_innov_route_bk128.py,archive/p1/kernel_innov_route_bk128.py,b82820377b0c4598ed30162da7f8fd12322c1c8213ecf23d1c2ab1de7a4119d9,17720,2026-09-30T05:09:18.241073+08:00
p1/kernel_int8_bn128_sw.py,archive/p1/kernel_int8_bn128_sw.py,204fd99bcf7fb8705f774650e384bca4276e49312f7b4966a23fbc47540a2933,81670,2026-09-30T05:09:18.242081+08:00
p1/kernel_int8_e8.py,archive/p1/kernel_int8_e8.py,b6c4b1cee80c8621862dbc479720bebc9c339eb840faf9d6dea8fe9c1d54ab79,72479,2026-09-30T05:09:18.243193+08:00
p1/kernel_int8_e8_rowscale.py,archive/p1/kernel_int8_e8_rowscale.py,a7ac6be7bede9f4f77cccda163096ab899b14fae2e47f111651adbf975782066,76252,2026-09-30T05:09:18.244001+08:00
p1/kernel_int8_e8_rowscale_round.py,archive/p1/kernel_int8_e8_rowscale_round.py,44f3bf1cc5187b4de10b719d527fe4edc9abc6adf20960677022d5eef0bc834b,76370,2026-09-30T05:09:18.244920+08:00
p1/kernel_int8_gate_fp8_down.py,archive/p1/kernel_int8_gate_fp8_down.py,1395145ebdc0561e1f52792ee70907b3da4cccf89b59a788b819b01e262ad3c9,76668,2026-09-30T05:09:18.245850+08:00
p1/kernel_int8_swizzle.py,archive/p1/kernel_int8_swizzle.py,c2f2471912b9adf606a809fe163e3aa92fd36d66f7972b7f0b323fb42b8058e4,81670,2026-09-30T05:09:18.246791+08:00
p1/kernel_int8_tiled.py,archive/p1/kernel_int8_tiled.py,e58a1332f1963c6a4ee4dfd95168e7f58b54ce538c56424b67182b29c80dae2c,85442,2026-09-30T05:09:18.247740+08:00
p1/kernel_int8_tiled_clamp.py,archive/p1/kernel_int8_tiled_clamp.py,d6f9986d200d9e19f87cce63492a2177c4a0d2bc433668776914c639330cbeae,85520,2026-09-30T05:09:18.248669+08:00
p1/kernel_int8gm16.py,archive/p1/kernel_int8gm16.py,6d9b2ca2282491acf1c4d374bb705aa9740479a4052b1950791f95b702fef4e3,81671,2026-09-30T05:09:18.249590+08:00
p1/kernel_ledger.py,archive/p1/kernel_ledger.py,b89cf8541e37466ccf094d0ba3b842bcbc578357f1172cf75ff572785d1dbef2,196654,2026-09-30T05:09:18.250753+08:00
p1/kernel_mdcyc.py,archive/p1/kernel_mdcyc.py,8edc5badd06b9b59577ea1936fda9bdcd775a690534cffe5a4dcdcbea926abdd,197250,2026-09-30T05:09:18.251945+08:00
p1/kernel_mdcyc2.py,archive/p1/kernel_mdcyc2.py,2736778fef9e5b7afe0c4ff0c76a3fefb8226a6e1613012ec736df90b735300c,198216,2026-09-30T05:09:18.253144+08:00
p1/kernel_mdcyc3.py,archive/p1/kernel_mdcyc3.py,e911283620abc9ac0de00dc00e7de911347c5caf6bcbd8ed6baaca84399cbf7d,198226,2026-09-30T05:09:18.254227+08:00
p1/kernel_meta_empty.py,archive/p1/kernel_meta_empty.py,10bc86da55a460a8a6fd6d5faf16f9e78132420b3ca8ad8fecf65d40ea11ed47,26179,2026-09-30T05:09:18.255127+08:00
p1/kernel_nccl_dispatch_densecombine.py,archive/p1/kernel_nccl_dispatch_densecombine.py,03f2bc93ad670c930545bd1d91f551d665bd3e537ad1f7a5eae7d49cacbeed5e,21873,2026-09-30T05:09:18.256025+08:00
p1/kernel_nodup.py,archive/p1/kernel_nodup.py,489d2efb364d77560e7e59a672ac5d2a5a0f919517bb9e92a67b1f6321c15fbc,17828,2026-09-30T05:09:18.256897+08:00
p1/kernel_nodup_repl11.py,archive/p1/kernel_nodup_repl11.py,699ff795594c8785f2ea8c94a58da25ea6d1336db08064e6bf88caba6a8ede72,21683,2026-09-30T05:09:18.257655+08:00
p1/kernel_nodup_repl11_12.py,archive/p1/kernel_nodup_repl11_12.py,f976b83ac17cac5ae0ccb4e4046ec099892c9fbb0930af50c8c8c0224058728b,21633,2026-09-30T05:09:18.258400+08:00
p1/kernel_nodup_repl11_12_viewsum.py,archive/p1/kernel_nodup_repl11_12_viewsum.py,ce1da5464359bb0cd5b73f47bbfdb75b36798ed56255864c0cf651c29f5071f1,21584,2026-09-30T05:09:18.259353+08:00
p1/kernel_nodup_repl11_12_viewsum_nosync.py,archive/p1/kernel_nodup_repl11_12_viewsum_nosync.py,1e5ac5bd6bb10c30a22bfccb8c13397efe757299d6578f271bf7e7a0125e0da8,21701,2026-09-30T05:09:18.260337+08:00
p1/kernel_nodup_repl11_case3ag.py,archive/p1/kernel_nodup_repl11_case3ag.py,32e17744b677d5d55411a278c6e932fe2e26d5fba0bbb70c68d6caee7e91a555,21845,2026-09-30T05:09:18.261250+08:00
p1/kernel_nokmask_persistdown_v3.py,archive/p1/kernel_nokmask_persistdown_v3.py,cea45d4eb082f2739159b5bf0863a033903492c0a5414ce9749dedd9ae9534ff,88613,2026-09-30T05:09:18.262023+08:00
p1/kernel_nokmask_v2.py,archive/p1/kernel_nokmask_v2.py,a514f14ec383a6b16ead77c951894161df9b9a2e7aeccb9a458632b19790402f,86304,2026-09-30T05:09:18.262975+08:00
p1/kernel_nomasks_v4.py,archive/p1/kernel_nomasks_v4.py,53e6d74f2fd2f4233edc557dbc44b26ac57e1cb802035ddf31e3feb574b982f2,87709,2026-09-30T05:09:18.263932+08:00
p1/kernel_official_fp8_probe.py,archive/p1/kernel_official_fp8_probe.py,35744e084ecd04153a71c983f59a9a88fd6fc23c5929d494dc224ecebc793461,28024,2026-09-30T05:09:18.264768+08:00
p1/kernel_onegather_triton.py,archive/p1/kernel_onegather_triton.py,14030209e6254ab5212a33926fb34e98d03c55cc0003b8ac7fa1806373ab2cfb,41524,2026-09-30T05:09:18.265724+08:00
p1/kernel_p1.py,archive/p1/kernel_p1.py,14c564c737a488c2ac7c7adc85e62bee8b047b9f332901ccbc5ff4919e627df4,225707,2026-09-30T05:09:18.266993+08:00
p1/kernel_p2.py,archive/p1/kernel_p2.py,0a14431ab291169038449c50a8f06dada2554d2b8f6affa7b5b8116d7e2bfb54,225807,2026-09-30T05:09:18.268244+08:00
p1/kernel_p3.py,archive/p1/kernel_p3.py,e1c5a3cc32592a02591afff78d8ac7e9b07aa3c2b062fef3a293a03e9b0121a0,226232,2026-09-30T05:09:18.270886+08:00
p1/kernel_p4.py,archive/p1/kernel_p4.py,7511c312b4d170e65274d2c8292ed37318b38f7f8a973a0da28b56b209161829,230182,2026-09-30T05:09:18.272116+08:00
p1/kernel_p5b.py,archive/p1/kernel_p5b.py,e3ff8b4b5b848b134ce66ff49ac835b92923e048d1b7daa2cbef92dd2b693d12,231040,2026-09-30T05:09:18.273466+08:00
p1/kernel_p5c.py,archive/p1/kernel_p5c.py,0ecd2b831e9498cc70490fae00b561fe690620e5046edeaae88dfc354fb91379,231258,2026-09-30T05:09:18.274554+08:00
p1/kernel_p7.py,archive/p1/kernel_p7.py,c3c63c578fb18133070320ed1d41f494a67ff015e6ea4d492c60c8c87fc7a4c2,230609,2026-09-30T05:09:18.276926+08:00
p1/kernel_p8.py,archive/p1/kernel_p8.py,c4207373ae18dfbcdeff0c4e389b45f3b130ba0fd67d6f5485a8114c11202d3d,231298,2026-09-30T05:09:18.278052+08:00
p1/kernel_p9.py,archive/p1/kernel_p9.py,d5fcf40c6c137b3a72b055c025d93220fbfd2629abb893c5a96b20ec26a3d92a,231317,2026-09-30T05:09:18.279120+08:00
p1/kernel_pipeline_events.py,archive/p1/kernel_pipeline_events.py,7ddb030432c85e7b01fcb279529e2004bdb7119fd4ea2360051ba897215fbb80,20193,2026-09-30T05:09:18.279896+08:00
p1/kernel_pipeline_p2p.py,archive/p1/kernel_pipeline_p2p.py,f56ba1b9679c649a487fc87f6ac0dbdb19d3ca482e7e883fc2d06eba17134ed4,20405,2026-09-30T05:09:18.280795+08:00
p1/kernel_probeS_sync.py,archive/p1/kernel_probeS_sync.py,cf0137d6729067748f7b9c6fb4984be80bcf7acd173ce32c2d4929532d03f8f3,151446,2026-09-30T05:09:18.282028+08:00
p1/kernel_probeT_store.py,archive/p1/kernel_probeT_store.py,f257de73fce4a131aa97a739f761ea1a2b9ce6f2995259c63c4db9ba75cbd9a3,152904,2026-09-30T05:09:18.283276+08:00
p1/kernel_probe_2weights_sig.py,archive/p1/kernel_probe_2weights_sig.py,837a5f0dfeb8500069fd3b8944b9bf679c0e85030ce9097609a56b2ed4f18d97,359,2026-09-30T05:09:18.284119+08:00
p1/kernel_probe_build_src.py,archive/p1/kernel_probe_build_src.py,119be1fc3daca57a4d896f7c006dcfb324d0b912ae3dc6b56e4d40a45b7a676c,485,2026-09-30T05:09:18.284953+08:00
p1/kernel_probe_combine.py,archive/p1/kernel_probe_combine.py,7363accc5ef843c36a898e4e5b66b8884fca49979111caaea2d993c6062fa7ad,17094,2026-09-30T05:09:18.285798+08:00
p1/kernel_probe_combine_diff.py,archive/p1/kernel_probe_combine_diff.py,ffaa8ec96f6fe988c592c0e64afc78b40e95d21e74b55af1437fa93dbbda8c6d,18513,2026-09-30T05:09:18.286689+08:00
p1/kernel_probe_direct_diff.py,archive/p1/kernel_probe_direct_diff.py,0944a05eb33f8a7bbf840e467a1106c90e449faf3fa7a3c98322e18761f23533,20122,2026-09-30T05:09:18.287423+08:00
p1/kernel_probe_dispatch.py,archive/p1/kernel_probe_dispatch.py,f677a82932affcb7cfc1d9eaea04bbc21ac9289f274b9f0eda2a1508558449e5,15495,2026-09-30T05:09:18.288324+08:00
p1/kernel_probe_dot_src.py,archive/p1/kernel_probe_dot_src.py,dfc4bb80a9e0cdfb610c0d3683570b555ba2d809859a92cad11432768da99725,473,2026-09-30T05:09:18.289053+08:00
p1/kernel_probe_fast_counts.py,archive/p1/kernel_probe_fast_counts.py,845fbd7c98b360e3ffd910f62eb916e4b327f9381eef3f14ae54b76de4020f44,18648,2026-09-30T05:09:18.289936+08:00
p1/kernel_probe_fast_nccl.py,archive/p1/kernel_probe_fast_nccl.py,4bb4956820979cb94a1ba4babb3ab03fab5125226a145beb506ea39cd49a9d39,18628,2026-09-30T05:09:18.290715+08:00
p1/kernel_probe_fp8_official.py,archive/p1/kernel_probe_fp8_official.py,011e298dca011e6a82abc4e7af4ea1795d37247ca6b43e10b0fc65135973533a,2407,2026-09-30T05:09:18.291467+08:00
p1/kernel_probe_gg_dir.py,archive/p1/kernel_probe_gg_dir.py,f9d6428c7ca3216b11b5308a303dfd7551e011dc18da52580f50d4e2201afb85,357,2026-09-30T05:09:18.292278+08:00
p1/kernel_probe_group_gemm_api.py,archive/p1/kernel_probe_group_gemm_api.py,c01c71843757cef540811b41d38b171368faa9a29a025bbc546484a4b567b511,555,2026-09-30T05:09:18.293047+08:00
p1/kernel_probe_jit_dir.py,archive/p1/kernel_probe_jit_dir.py,a76ab49d9351e7f83399e56be9b96dbc90665d52ed294911315d7fcff054ab85,472,2026-09-30T05:09:18.293857+08:00
p1/kernel_probe_jit_sig.py,archive/p1/kernel_probe_jit_sig.py,c12f97406a41ad4ac51c27effad0a5d04cec88f540e7b950f1a7e87f7280a4cd,379,2026-09-30T05:09:18.294609+08:00
p1/kernel_probe_jit_src.py,archive/p1/kernel_probe_jit_src.py,febbb4f4cbd9667d66d202220d47671ad7f72018ca0b7c7db0eaeb4c6f927423,500,2026-09-30T05:09:18.295354+08:00
p1/kernel_probe_jit_src2.py,archive/p1/kernel_probe_jit_src2.py,b47c5285ee2e33a365d222f55f36a8c42662e703375d70ddbf0e14661c3417e0,425,2026-09-30T05:09:18.296075+08:00
p1/kernel_probe_kernel_sig.py,archive/p1/kernel_probe_kernel_sig.py,0768a42a4ecd87dd13dd8fe0d5947bdca43f401b7ca55948a5294ce085fcaf23,373,2026-09-30T05:09:18.296835+08:00
p1/kernel_probe_kw.py,archive/p1/kernel_probe_kw.py,534e146bb793dd1171b7e4ac4a468d6921aab8f2f30f59122d8a8827bea1d6ba,2422,2026-09-30T05:09:18.297552+08:00
p1/kernel_probe_kw2.py,archive/p1/kernel_probe_kw2.py,9a8765a79524e6f2d8e9ff9d94350deadbe21641a661ebbd3214ecdc9a639774,2470,2026-09-30T05:09:18.298261+08:00
p1/kernel_probe_mixed_dtype.py,archive/p1/kernel_probe_mixed_dtype.py,de3eebb2c0238839efc366bccf2ef8c7d16d032d95794c555b043c210b454e51,2409,2026-09-30T05:09:18.298988+08:00
p1/kernel_probe_moe_sig.py,archive/p1/kernel_probe_moe_sig.py,ab00c1e1316b0da1c90047f0357e5d73fe3d5ad377d67bb21acce886af4a9671,341,2026-09-30T05:09:18.299711+08:00
p1/kernel_probe_outdtype.py,archive/p1/kernel_probe_outdtype.py,9004bfeca552e18ffa64f7bb3a58a95bf87336834bfd9291b920e2731c78622c,2442,2026-09-30T05:09:18.300619+08:00
p1/kernel_probe_tma.py,archive/p1/kernel_probe_tma.py,2b5e0df4e26afc5e4737bbc18b0db03728069d8c82192ad26c60f0b03b744630,733,2026-09-30T05:09:18.301384+08:00
p1/kernel_probe_tma_host.py,archive/p1/kernel_probe_tma_host.py,e678fc5bf314acf4be1c470c2967eeba70c18ec0540c87457c96ba205a61b8f8,676,2026-09-30T05:09:18.302144+08:00
p1/kernel_probe_transposed_sig.py,archive/p1/kernel_probe_transposed_sig.py,8d30d13bea01df122bafa4b31206d53de2b15d9942e99d37ac360b6e282e5d6c,363,2026-09-30T05:09:18.302860+08:00
p1/kernel_prof.py,archive/p1/kernel_prof.py,795a43b5390edf3bc4c9723435f66c3bd42bb27dd6b16cbe9e79e92b3560a7bb,242706,2026-09-30T05:09:18.304076+08:00
p1/kernel_reduceout_c128.py,archive/p1/kernel_reduceout_c128.py,eb4efb0bddcef4a65cde1f9490b589a39428a85fdac240543042ba56840fff42,26179,2026-09-30T05:09:18.304851+08:00
p1/kernel_reduceout_c128_w4.py,archive/p1/kernel_reduceout_c128_w4.py,e84641119538af1aa717147eba42a0b990558692146e8d6fd9bb12ef5e43e366,26179,2026-09-30T05:09:18.305742+08:00
p1/kernel_reduceout_c256.py,archive/p1/kernel_reduceout_c256.py,73eea3ca439b608e57d88008d656d72c27651a8b39e5efdf4e1ea259fb95d1e8,26179,2026-09-30T05:09:18.306688+08:00
p1/kernel_reduceout_c96.py,archive/p1/kernel_reduceout_c96.py,773886ecf0f8f9a53ca7749e9a21e429ddf15c683249f9a859a9327c8fa79d4c,26178,2026-09-30T05:09:18.307500+08:00
p1/kernel_reduceout_nocontig.py,archive/p1/kernel_reduceout_nocontig.py,6fe9aa8e3ef362eb0515f805a8621016e019515562a3b6b9550ef28dc7b03242,26126,2026-09-30T05:09:18.308659+08:00
p1/kernel_repl_bn256.py,archive/p1/kernel_repl_bn256.py,9a0c9b6ce959fb588eb073d6ff4cf925a592f11c772f822d35de99b334589c98,42006,2026-09-30T05:09:18.309858+08:00
p1/kernel_repl_cleanup.py,archive/p1/kernel_repl_cleanup.py,ec55b9300c705f4be128c22f8b5311dd95e1cad3fdd8b8e9c718d470a9addbc3,41891,2026-09-30T05:09:18.311021+08:00
p1/kernel_replicated.py,archive/p1/kernel_replicated.py,1ae9c90998fb6a8ae9c50286426c1c518b6cc6499fb83043ab273f761dee9658,10276,2026-09-30T05:09:18.312267+08:00
p1/kernel_replicated11_case3ag.py,archive/p1/kernel_replicated11_case3ag.py,83ec756158c38e55e2b0f80ceaf224bb5cf1639dfad6c76ec600d4a5d60cb754,21902,2026-09-30T05:09:18.313350+08:00
p1/kernel_replicated_case11.py,archive/p1/kernel_replicated_case11.py,a0418ec0713e3f0089bc5792479c84b04151b386afa845974e86c3efadb474fb,21827,2026-09-30T05:09:18.314274+08:00
p1/kernel_replicated_case11_bn128.py,archive/p1/kernel_replicated_case11_bn128.py,342743c9e3e1e6417200e62d6019fd0d6c021cc5f289ecafa6e9138289e39292,21943,2026-09-30T05:09:18.315127+08:00
p1/kernel_replicated_case11_pers.py,archive/p1/kernel_replicated_case11_pers.py,c1d2cd7e28c8e25b1772f4f0cef5d9d36783991d743db944fddb885f3d4d3f0b,21869,2026-09-30T05:09:18.316214+08:00
p1/kernel_replicated_case11_viewsum.py,archive/p1/kernel_replicated_case11_viewsum.py,1a2cf1818610560dffed3234336a8c7be8a8cf7a3b7f6a6ff6c12eb0b9b19b0a,21738,2026-09-30T05:09:18.317252+08:00
p1/kernel_replicated_case11_viewsum_g8.py,archive/p1/kernel_replicated_case11_viewsum_g8.py,c84936da03ca9ab2cc68fb5dfb45ae40b794b9fbf4be81d0b52f37769bde2c96,21786,2026-09-30T05:09:18.318135+08:00
p1/kernel_replicated_hybrid.py,archive/p1/kernel_replicated_hybrid.py,c963426d420afc23a65eb41711f3476715219f49df3baa39c471f73c9c65ae56,21674,2026-09-30T05:09:18.318883+08:00
p1/kernel_route_bk128.py,archive/p1/kernel_route_bk128.py,9ce1b6767311421604366614592d6e98519688a5b6359a36448b17783448d3ce,81436,2026-09-30T05:09:18.319827+08:00
p1/kernel_route_bk256.py,archive/p1/kernel_route_bk256.py,dfce3659c0a69ebc9187ab26ed0849e08df7c6c6c5fd7d76e3ac3cd583c2ceb8,86270,2026-09-30T05:09:18.320768+08:00
p1/kernel_route_e256_bm64.py,archive/p1/kernel_route_e256_bm64.py,de5a674ad57122e26146ea19eb4e10622f8799c5b89d03916565ca34a2f6a962,81755,2026-09-30T05:09:18.321682+08:00
p1/kernel_rprof.py,archive/p1/kernel_rprof.py,472ff27ca70a459166f1e50524d2f3fec08af95add3150fafd84165dcd80cb81,240821,2026-09-30T05:09:18.322850+08:00
p1/kernel_rsprobe.py,archive/p1/kernel_rsprobe.py,b8863418b22d14a1052409fa778c946ce73dd67b051abe4e9e4858a898ac846d,195986,2026-09-30T05:09:18.323993+08:00
p1/kernel_s1.py,archive/p1/kernel_s1.py,005f6dc8ef805befd6af67d8bba33503bac6bac6daad738086a1c51f59000ce1,211520,2026-09-30T05:09:18.325288+08:00
p1/kernel_s2.py,archive/p1/kernel_s2.py,555b50e996bde4adcf6f027dd78563f81ddd567d5fedbddfe2dcb42e0142e9c0,212299,2026-09-30T05:09:18.326489+08:00
p1/kernel_s3.py,archive/p1/kernel_s3.py,a78cdf60891f9d8f35c3ba2fff508e11e37ed03d0f757ac9d2ba9209c52c9bfc,212305,2026-09-30T05:09:18.327890+08:00
p1/kernel_s3b.py,archive/p1/kernel_s3b.py,16665e505554557fc7bff8aeab92c59ca4e1519477da133c7f33461c3130f951,212343,2026-09-30T05:09:18.329149+08:00
p1/kernel_s4.py,archive/p1/kernel_s4.py,a48a4d4fd61d604cc241b9f18463413b1900cdc5e2c8e5befce300fa852f2b99,213034,2026-09-30T05:09:18.330444+08:00
p1/kernel_s5.py,archive/p1/kernel_s5.py,f68cdb550c1e7f9d06c36f583a6311cc3be248d726f37590111d4871112a72e2,213455,2026-09-30T05:09:18.331604+08:00
p1/kernel_s6.py,archive/p1/kernel_s6.py,b7bdc6f540ffd33cab7227b75ef2e776aa2cafe9a48173bedf37ee214e9f9092,212112,2026-09-30T05:09:18.332790+08:00
p1/kernel_scatter_reduce.py,archive/p1/kernel_scatter_reduce.py,7878837891009bca1e209379c8dbc86945ed1c3dc0e9d1abc1ea86626fcfb042,26198,2026-09-30T05:09:18.333715+08:00
p1/kernel_selector.py,archive/p1/kernel_selector.py,d876ef14e0c693283a0775efa9848fad0f2a99935db3a184d176323680b04428,19834,2026-09-30T05:09:18.334498+08:00
p1/kernel_shape.py,archive/p1/kernel_shape.py,f82e372d698c5443e58448d0b8cad2d69fea490416e299fc200201cd772ea5d6,197516,2026-09-30T05:09:18.335886+08:00
p1/kernel_shape_cache.py,archive/p1/kernel_shape_cache.py,266f21272178f062ab45c74a1923580b0c51c071377d904e262f9dfc7a6a2fa9,40474,2026-09-30T05:09:18.338508+08:00
p1/kernel_shape_cache_case3_repl.py,archive/p1/kernel_shape_cache_case3_repl.py,9f2ddb46905ae52267bde7987b164d11bac304d27e903d7c9efb8941572c0b9e,40424,2026-09-30T05:09:18.340276+08:00
p1/kernel_shape_cache_cleanup.py,archive/p1/kernel_shape_cache_cleanup.py,47a0272035d077644bc66a51fb79697a840efb07f42b53164472c2bdaa008393,40633,2026-09-30T05:09:18.342090+08:00
p1/kernel_shape_cache_cleanup_argsort.py,archive/p1/kernel_shape_cache_cleanup_argsort.py,ccca1b9af8fcf099c76d6da1bb4ec9337b9329af14f692898eb76e1f168e1f60,40857,2026-09-30T05:09:18.343021+08:00
p1/kernel_shape_cache_routes_all.py,archive/p1/kernel_shape_cache_routes_all.py,43408dd05532926581e165280549af76f4addc7a27e4ccac861c817acae72dca,40225,2026-09-30T05:09:18.343960+08:00
p1/kernel_sortdst_indexadd.py,archive/p1/kernel_sortdst_indexadd.py,4b4cc44d944e43eeb78aff2f41b381522c3b96f9c596d6ea8ea5b014f4ae4bfc,26257,2026-09-30T05:09:18.344971+08:00
p1/kernel_sorted_dispatch.py,archive/p1/kernel_sorted_dispatch.py,b8eb7698ab7b98bfc9181b88b333ef4923336e5e94832171c29d637b3fe242e1,29472,2026-09-30T05:09:18.345871+08:00
p1/kernel_sorted_dispatch_e32only.py,archive/p1/kernel_sorted_dispatch_e32only.py,5a0f0ce64b592b2a483811d25791e3cdb4d3cc32a0af0c46ba7816e7c94ef90e,37049,2026-09-30T05:09:18.346626+08:00
p1/kernel_sorted_dispatch_v2.py,archive/p1/kernel_sorted_dispatch_v2.py,79b7be8c7416aef530727e821fcff8ecafce27e05aa11765f28a7f8f5d4eff29,29695,2026-09-30T05:09:18.347394+08:00
p1/kernel_sorted_e32_c4.py,archive/p1/kernel_sorted_e32_c4.py,a3a9ac2915bbfdd9469afd426fa3e8ccecc292d213442d3e1fec8b9508e4a7ee,37086,2026-09-30T05:09:18.348177+08:00
p1/kernel_sorted_e8both_c64.py,archive/p1/kernel_sorted_e8both_c64.py,dd2b5f3a117419da9e0879a18078ba575188147112ed7d129913bad37df7f48f,36686,2026-09-30T05:09:18.348932+08:00
p1/kernel_sorted_e8both_c64_selectsort.py,archive/p1/kernel_sorted_e8both_c64_selectsort.py,5df065cd7af43b50d4ba437a6341693df1dccc3ee7756e697b14f0cd71b1930c,36383,2026-09-30T05:09:18.349672+08:00
p1/kernel_sorted_e8case1_e32.py,archive/p1/kernel_sorted_e8case1_e32.py,0507c612e8bbca72e90c375572f664fbe94e5fed0aab97ac8529c1c1360eca4e,37117,2026-09-30T05:09:18.350436+08:00
p1/kernel_sorted_e96c4_e32c8.py,archive/p1/kernel_sorted_e96c4_e32c8.py,8c7f87745579bef7a528aa770d2f0c4004e60f239e755c90f155ab9c16756c10,37059,2026-09-30T05:09:18.351335+08:00
p1/kernel_sorted_e96only_c4.py,archive/p1/kernel_sorted_e96only_c4.py,ca7749f6633c5904f26002cf8c177ea054343d4b7bf67c834db06a542746d99d,37030,2026-09-30T05:09:18.352250+08:00
p1/kernel_sorted_hybrid_v1.py,archive/p1/kernel_sorted_hybrid_v1.py,93b7fc51f798cb705f220afc450298461e79dca024d30af48810e296762879a7,37148,2026-09-30T05:09:18.353198+08:00
p1/kernel_sorted_select_ag.py,archive/p1/kernel_sorted_select_ag.py,7e13657936e54e8e40e852b3a816410596513964038953bebf41e37cfcaad06e,36584,2026-09-30T05:09:18.354128+08:00
p1/kernel_sorted_select_ag_e8c64.py,archive/p1/kernel_sorted_select_ag_e8c64.py,2abc2ecc790dbfed6fa62108ff8f00e4bda2ef1516bdb6b63bc61bb1a2c45b1a,36584,2026-09-30T05:09:18.355162+08:00
p1/kernel_sorted_v3_e8c128.py,archive/p1/kernel_sorted_v3_e8c128.py,69eb618a7171c38cfb4bc83ee89d1290056f6145dd9503edccd3985f9d0bdf4b,36703,2026-09-30T05:09:18.356076+08:00
p1/kernel_sorted_v3_e8c64.py,archive/p1/kernel_sorted_v3_e8c64.py,86e7c2c720c993f26a117214b84cba2c513ebe572679f3ce4db5d761e9e1fcae,36702,2026-09-30T05:09:18.356998+08:00
p1/kernel_sorted_v3_e8c64_e32c16.py,archive/p1/kernel_sorted_v3_e8c64_e32c16.py,a365f880ac04abc25f48e18462dbf0d3c254f311826127a3d197fa73a535f6df,36703,2026-09-30T05:09:18.358008+08:00
p1/kernel_sorted_v3_e96c2.py,archive/p1/kernel_sorted_v3_e96c2.py,8f62acb6eeb2be359973e126e7bb66046786b36eda3ab6237219ee768390d79d,36702,2026-09-30T05:09:18.358934+08:00
p1/kernel_sorted_v3_hybrid.py,archive/p1/kernel_sorted_v3_hybrid.py,262b1eb050f5fe72f38a4e948cd96b17b23b29961618170008a27a5c623b2fca,36702,2026-09-30T05:09:18.359860+08:00
p1/kernel_sorted_v4_e32pack.py,archive/p1/kernel_sorted_v4_e32pack.py,8d9031d4ca52586b44ec6a2358ac51b8faff0d8feda625e79b60688be397f909,37105,2026-09-30T05:09:18.360770+08:00
p1/kernel_sorted_v4_e8c64_e32pack.py,archive/p1/kernel_sorted_v4_e8c64_e32pack.py,f7829aeb9ba5f3be0d783e5689e19249da56010f29126cb580ad509e2b2edeb2,37105,2026-09-30T05:09:18.361791+08:00
p1/kernel_sumdtype_packroute.py,archive/p1/kernel_sumdtype_packroute.py,d7ea5773410f27e4b7427cfa42c456ef295959fc310cab742bc0ac5af4325941,25200,2026-09-30T05:09:18.362552+08:00
p1/kernel_sumdtype_packroute_case5.py,archive/p1/kernel_sumdtype_packroute_case5.py,818a3e722efb45c5ec2c5a05f5c0b0dbaadee122bd0e3d3390e9031f7bc7aafd,25661,2026-09-30T05:09:18.363441+08:00
p1/kernel_sumdtype_packroute_case5_packweight.py,archive/p1/kernel_sumdtype_packroute_case5_packweight.py,6e09db16c1536b16306a59f779cb6dddd631f35b50ef699780dc730d5c518317,25716,2026-09-30T05:09:18.364353+08:00
p1/kernel_sumdtype_packroute_case5_reduceout.py,archive/p1/kernel_sumdtype_packroute_case5_reduceout.py,ae092149d3dc8427993a6deb9f2e17479e2a163777cf7dca3840d7f77d830182,26178,2026-09-30T05:09:18.365129+08:00
p1/kernel_sumdtype_packroute_case5_reduceout_packweight.py,archive/p1/kernel_sumdtype_packroute_case5_reduceout_packweight.py,4d2859f350f59a8dc4457f0d934dcd7ce9b620b6357002bf9bf09f8e91328945,26233,2026-09-30T05:09:18.365979+08:00
p1/kernel_sumdtype_packroute_case5_zerocache.py,archive/p1/kernel_sumdtype_packroute_case5_zerocache.py,c85c3e01233181566a78055fd12370fc4366ec0cdd42aa3ae410077f2436b3ea,25999,2026-09-30T05:09:18.366757+08:00
p1/kernel_sumdtype_packweight.py,archive/p1/kernel_sumdtype_packweight.py,a0c3b281c1a505fe7c2c85b0d0b70af268d7242f3d7c917a2013a004a435e446,25133,2026-09-30T05:09:18.367517+08:00
p1/kernel_triton_gather.py,archive/p1/kernel_triton_gather.py,0b7a9802def8488376c8ca60f3862cc106a4d3be0fcd2e1195467b4fccd76d34,41629,2026-09-30T05:09:18.368313+08:00
p1/kernel_v101_row_gather_bm256.py,archive/p1/kernel_v101_row_gather_bm256.py,97ad85bd41ff9763f81c5aab0326faeaad4b3636f96b5c16f1fee6a170735566,103311,2026-09-30T05:09:18.369319+08:00
p1/kernel_v102_numctas2.py,archive/p1/kernel_v102_numctas2.py,aa8d09159a339e6b007d8d2328ca4900538f3711e26da63710828ed26357deaf,102813,2026-09-30T05:09:18.370268+08:00
p1/kernel_v103_route_tma.py,archive/p1/kernel_v103_route_tma.py,1c9c64ea2ac89066883d01e0ae6cb78fd8b2885056d3ecaec50940325a7482e6,104002,2026-09-30T05:09:18.371324+08:00
p1/kernel_v104_numctas_down.py,archive/p1/kernel_v104_numctas_down.py,636f2fd80c12d1c30b8ca7966b475ee7170cd27d96967bf0786489d146d217cd,102801,2026-09-30T05:09:18.372297+08:00
p1/kernel_v105_case2_s4.py,archive/p1/kernel_v105_case2_s4.py,8c0de885914a50e3f13560b25dc4e9b2f321afa07d546da7f32938f8736e54b9,102777,2026-09-30T05:09:18.373275+08:00
p1/kernel_v106_fused_persist_row.py,archive/p1/kernel_v106_fused_persist_row.py,30a6ba3f035102f3545e233348978f3862c6ec5c0a4d021d129a70fc7ab3569d,106582,2026-09-30T05:09:18.374237+08:00
p1/kernel_v107_fused_persist_row_zero.py,archive/p1/kernel_v107_fused_persist_row_zero.py,c0b6c649c9b87d44fc5fc80a05a6e6d0bc0be64081f586a60fc0edb8c47138c5,106568,2026-09-30T05:09:18.375542+08:00
p1/kernel_v108_fused_monly.py,archive/p1/kernel_v108_fused_monly.py,99a11d81d10c05fdc52d6a8f32828b823493ff5fca8c55236267f2ffea32d2d5,106251,2026-09-30T05:09:18.376529+08:00
p1/kernel_v109_order_gather.py,archive/p1/kernel_v109_order_gather.py,27cec2b49ce4769629a954d118a8c5b056349bba1728de0478900e68b309994b,104359,2026-09-30T05:09:18.377482+08:00
p1/kernel_v10_case2_plain_fp8.py,archive/p1/kernel_v10_case2_plain_fp8.py,50317a347a09f6a66f521b4fe23dcf2773205463225a2e77198f783afdc0ecfc,87809,2026-09-30T05:09:18.378419+08:00
p1/kernel_v110_order_token_only.py,archive/p1/kernel_v110_order_token_only.py,49e9cf996d757fa36f20e8da840b9560d662f6046bd5c6581e7fc4269ad6462c,104096,2026-09-30T05:09:18.379348+08:00
p1/kernel_v111_fused_persist_tiles.py,archive/p1/kernel_v111_fused_persist_tiles.py,2ab846217affddab57595274dde20a1a0765edd7809dd5c642778f67db2f4c6e,106478,2026-09-30T05:09:18.380284+08:00
p1/kernel_v112_gather_monly.py,archive/p1/kernel_v112_gather_monly.py,0b0f3e56451e8457f1b7d56a633a73599cde2d2e11f91dd5dd7471345c1ba27b,104114,2026-09-30T05:09:18.381257+08:00
p1/kernel_v113_gather_monly_order_weight.py,archive/p1/kernel_v113_gather_monly_order_weight.py,ac54c0d315c3b5fe10780acd2760103ba1a2fc25d4aff8d49a995d4dd5157153,104454,2026-09-30T05:09:18.382212+08:00
p1/kernel_v114_persist_case1.py,archive/p1/kernel_v114_persist_case1.py,01b8111d7973922d6429af3bdd9a9e30c392dea74db81d755cbf2c274329a127,106878,2026-09-30T05:09:18.383140+08:00
p1/kernel_v115_persist_fused_order_token.py,archive/p1/kernel_v115_persist_fused_order_token.py,103cc53b67c2faa5ee81a98941fef189b33ffd782795cd8b6edd22b001092ce8,107797,2026-09-30T05:09:18.384140+08:00
p1/kernel_v116_persist_fused_order_weight.py,archive/p1/kernel_v116_persist_fused_order_weight.py,450df7984686741cec68bef985af9eeaca0a0213a0256420a787d5c276fd70fc,108060,2026-09-30T05:09:18.385090+08:00
p1/kernel_v117_case2_order_gather.py,archive/p1/kernel_v117_case2_order_gather.py,22835e5a9f253dfabbae69d5b8614db264eb6ca5b15fed48f7693ac22dab5691,109094,2026-09-30T05:09:18.386219+08:00
p1/kernel_v118_case2_order_div.py,archive/p1/kernel_v118_case2_order_div.py,9d8662f759170076d70782c352743540346718841b80838af0c2e9c45609a0ab,107744,2026-09-30T05:09:18.387197+08:00
p1/kernel_v119_case2_fused_rowA.py,archive/p1/kernel_v119_case2_fused_rowA.py,d586a37e82a79918bbb47aa88c31120eafb83ff3f46f4e76c172380026b56f41,111822,2026-09-30T05:09:18.388166+08:00
p1/kernel_v11_amax_case2fp8.py,archive/p1/kernel_v11_amax_case2fp8.py,636737086fa87d34ffbde9b9466af4903dc7f8dbf72b4eafbd24fbebea576b13,88564,2026-09-30T05:09:18.389102+08:00
p1/kernel_v120_fused_persist_major_fixed.py,archive/p1/kernel_v120_fused_persist_major_fixed.py,560cfe535e1a60f99bde1e47e8c19c41bbaba62526fca0d6f466129acdd94f15,111669,2026-09-30T05:09:18.390070+08:00
p1/kernel_v121_cache_tma_desc.py,archive/p1/kernel_v121_cache_tma_desc.py,d9a64498c80e28d7c9d788c1db851a7bf44db7ba4a59def483adb2c15cc49bb4,108036,2026-09-30T05:09:18.391100+08:00
p1/kernel_v122_meta_num_sms132.py,archive/p1/kernel_v122_meta_num_sms132.py,a64e379c214185f85f0cfbe501a3d5bd5f3fbd0a4d39fdf19b401602d4a7471f,107798,2026-09-30T05:09:18.392063+08:00
p1/kernel_v123_fused_grid160.py,archive/p1/kernel_v123_fused_grid160.py,6e1481a6bb997e35f867f1a9515d1c6ca567acc14ec740d5bca3be64041022ca,107797,2026-09-30T05:09:18.393016+08:00
p1/kernel_v124_fused_grid96.py,archive/p1/kernel_v124_fused_grid96.py,9e5fbcd2c03d0221f7c82d60d483c04564f3131739e1fbe989274c4808575226,107796,2026-09-30T05:09:18.393934+08:00
p1/kernel_v125_buf_cache.py,archive/p1/kernel_v125_buf_cache.py,8a95563e93c55eb0d78f8d4d3d54134ebff6bda42e9e5e3407bb79a25e9eca6a,108168,2026-09-30T05:09:18.394876+08:00
p1/kernel_v126_packed_sort.py,archive/p1/kernel_v126_packed_sort.py,f42726bac80f7bfaee12b962136bef22960ae863c07446c1332b98f5f1337c51,107971,2026-09-30T05:09:18.395880+08:00
p1/kernel_v127_binned_amax_case2.py,archive/p1/kernel_v127_binned_amax_case2.py,6713a821ed1ba6a2d4a461fa67d2ff3191c98ae9672e0bf345cf83016b5432e3,109350,2026-09-30T05:09:18.396793+08:00
p1/kernel_v128_packed_sort_functional.py,archive/p1/kernel_v128_packed_sort_functional.py,0c584dc1bca3f8413ee2e6623da46d0d016243a1830a27db65c336ac9b798371,107978,2026-09-30T05:09:18.397730+08:00
p1/kernel_v129_relaxed_atomics.py,archive/p1/kernel_v129_relaxed_atomics.py,4627af7e84cf8ad2d483a03a4bc2305279fdd58ba46cba71c8a5daa6d7bf5e2d,107872,2026-09-30T05:09:18.398682+08:00
p1/kernel_v12_quant_bk256.py,archive/p1/kernel_v12_quant_bk256.py,8332afeb394c9d0e70e8f528336b29063fcf42b271a1a325f99eb1c5f2963ecc,88564,2026-09-30T05:09:18.399616+08:00
p1/kernel_v130_fused_s4.py,archive/p1/kernel_v130_fused_s4.py,6f8487ad9fea068c796b61c004b61c1ede1514b68557b6cc2f82fa2b243c4abc,107872,2026-09-30T05:09:18.400517+08:00
p1/kernel_v131_fused_s5.py,archive/p1/kernel_v131_fused_s5.py,57605a2213c387a2aef013f57884caa8eb53af501b70e031ff0efccff1f624dd,107872,2026-09-30T05:09:18.401576+08:00
p1/kernel_v132_fused_grid128_s4.py,archive/p1/kernel_v132_fused_grid128_s4.py,f72a1daa0357e267c714d66e30da25d7cfa8dd3d99d571cd7335023384ec20e0,107872,2026-09-30T05:09:18.402548+08:00
p1/kernel_v133_case2_row_relaxed_s4.py,archive/p1/kernel_v133_case2_row_relaxed_s4.py,db2d8a7036a298a901245fcd2f97ce17cac8bdbd93bbdc3bc4d4e6a285c4cba9,110297,2026-09-30T05:09:18.403533+08:00
p1/kernel_v134_tma_desc_cache_s4.py,archive/p1/kernel_v134_tma_desc_cache_s4.py,c13c4fda16cb2593fb724ce474dca08e99cb4a2d4f6be1226121890dc99facc1,108079,2026-09-30T05:09:18.404527+08:00
p1/kernel_v135_fused_w16_s4.py,archive/p1/kernel_v135_fused_w16_s4.py,312ddf5dd7361ef347ba2efb4ba43afc3fa58eb56785acfee18436719172417b,107873,2026-09-30T05:09:18.405491+08:00
p1/kernel_v136_no_id_conversions.py,archive/p1/kernel_v136_no_id_conversions.py,3b9a9c4f32fcd62083fbeadcfb649694dbbeb200fec6aa5f0066f5c8ab08e429,107815,2026-09-30T05:09:18.406451+08:00
p1/kernel_v137_inplace_weight_norm.py,archive/p1/kernel_v137_inplace_weight_norm.py,b38723c345cc707d0930d647ca75d216196834c98c014db0c02b6ff1c789e959,107801,2026-09-30T05:09:18.407445+08:00
p1/kernel_v138_fused_gm16_s4.py,archive/p1/kernel_v138_fused_gm16_s4.py,7b13d153e5a9e999789a5e4b735f441d3f3e77c56d5d75448e0240d684a6bc20,107816,2026-09-30T05:09:18.408410+08:00
p1/kernel_v139_fused_gm4_s4.py,archive/p1/kernel_v139_fused_gm4_s4.py,5b1406eaae21603ec73f13fd1a3c3cc9ed8f26253464e5a6385e6a32be8e2d55,107815,2026-09-30T05:09:18.409361+08:00
p1/kernel_v13_case2_fused_fp8.py,archive/p1/kernel_v13_case2_fused_fp8.py,2da08c3ed047e89de559056d870f8422110b58a9afe33794e8e372e3ee918756,88532,2026-09-30T05:09:18.410282+08:00
p1/kernel_v140_fused_orderW.py,archive/p1/kernel_v140_fused_orderW.py,25f084406146504d4820e2431bbc7c2ac70aa0589dad108f2da6182641dc9caf,111646,2026-09-30T05:09:18.411254+08:00
p1/kernel_v141_orderW_not_i8192.py,archive/p1/kernel_v141_orderW_not_i8192.py,722e1d6b9f77cc976029f1c0aa6e62919ac9781c62c525a6acffd24ce856b971,112107,2026-09-30T05:09:18.412196+08:00
p1/kernel_v142_case2_swiglu_orderW.py,archive/p1/kernel_v142_case2_swiglu_orderW.py,f39d07d1de441a3b3ec34fcefb38c53dbde461aab472616f8917c8411b2e4ba2,114685,2026-09-30T05:09:18.413159+08:00
p1/kernel_v143_orderW_gm16.py,archive/p1/kernel_v143_orderW_gm16.py,6b01419be40347801715b83dea1e9a4fe09ba5fef8a11c2a7d510d4dd33034bd,114686,2026-09-30T05:09:18.414077+08:00
p1/kernel_v144_orderW_gm4.py,archive/p1/kernel_v144_orderW_gm4.py,870f4cd56ecd65f8c09b69dea7c2cb4963466ce57164f85b00f1524d4cc8d30a,114685,2026-09-30T05:09:18.415144+08:00
p1/kernel_v145_order32.py,archive/p1/kernel_v145_order32.py,e6c0dd60f591618b71d84ecb008502db53946fafa422191be524d1def1f228ee,114730,2026-09-30T05:09:18.416099+08:00
p1/kernel_v146_order32_not_case12.py,archive/p1/kernel_v146_order32_not_case12.py,f17ce0977ee4b02bf165d58759ae73e423511df749bef7e68f43f76c5fe4ddda,114806,2026-09-30T05:09:18.417062+08:00
p1/kernel_v147_case2_gather_from_order.py,archive/p1/kernel_v147_case2_gather_from_order.py,58691435e51dbfef9b8c0793794de114477261a59cb619139cd4f63d0cddf638,115740,2026-09-30T05:09:18.418006+08:00
p1/kernel_v148_case2_gather_bm256.py,archive/p1/kernel_v148_case2_gather_bm256.py,88f53a4f8231f26b75681f574a5610a18439ed24b22f892a5dbe8a2c9a9a851a,115740,2026-09-30T05:09:18.418965+08:00
p1/kernel_v149_case2_gather_amax.py,archive/p1/kernel_v149_case2_gather_amax.py,494f66a76b17a44af5f296a554f050df5a701be876160c323d9dab23e98b6e26,117170,2026-09-30T05:09:18.419911+08:00
p1/kernel_v150_case2_gather_partial_amax.py,archive/p1/kernel_v150_case2_gather_partial_amax.py,e93fd54083206c5e1ab55d87ea8379ab697ae490f1911c4f5217e9dc0b518055,117300,2026-09-30T05:09:18.420829+08:00
p1/kernel_v151_orderW_gm24.py,archive/p1/kernel_v151_orderW_gm24.py,4ca49751da5602bc07a556a2efd3e20c5e3003d154b7fdca65fd79bbd0680b4c,115740,2026-09-30T05:09:18.421807+08:00
p1/kernel_v152_orderW_gm32.py,archive/p1/kernel_v152_orderW_gm32.py,44121bd3c88af34fdd68cfa6aec0f6c3be831b421a85b8e7f03c2a775ecb2148,115740,2026-09-30T05:09:18.422851+08:00
p1/kernel_v153_inv_sort_side_stream.py,archive/p1/kernel_v153_inv_sort_side_stream.py,d55a01a136f49f5e94dd548beceb1721f9d597cc188e0be9667536c15c07a690,116141,2026-09-30T05:09:18.423796+08:00
p1/kernel_v154_case2_quant_bm256.py,archive/p1/kernel_v154_case2_quant_bm256.py,5cc3556339ed4e503f25bce7cdfd763c6a9c6e2923749ac895eae2259224173a,115740,2026-09-30T05:09:18.424760+08:00
p1/kernel_v155_route_e8_bm64.py,archive/p1/kernel_v155_route_e8_bm64.py,56dcabbf892ba9193e16a31f2629d8c14de5ceac96d9c8204b9568d13345a804,115840,2026-09-30T05:09:18.425709+08:00
p1/kernel_v156_route_e8_bm64_w8.py,archive/p1/kernel_v156_route_e8_bm64_w8.py,f87ff09e17c43b8c7de8664107e474f02c7693655ca8740654cddee421a83a40,115840,2026-09-30T05:09:18.426650+08:00
p1/kernel_v157_route_e8_bm128_w8.py,archive/p1/kernel_v157_route_e8_bm128_w8.py,fd09913a2c508c1e56daae48949cb51c77d7ccefe42200b982e1d2ff3dfcc5dc,115841,2026-09-30T05:09:18.427595+08:00
p1/kernel_v158_route_n32_bm64.py,archive/p1/kernel_v158_route_n32_bm64.py,78ed3b69befc44e9de1afa65f740a039d532afb606705388c290c36ebe77ae2c,115834,2026-09-30T05:09:18.428554+08:00
p1/kernel_v159_route_e8_bk128.py,archive/p1/kernel_v159_route_e8_bk128.py,3c99beae2d6533aa95611b676275d81a0746f085ce80fab238fb749479cceba2,115884,2026-09-30T05:09:18.430955+08:00
p1/kernel_v15_fp8_smallbf16.py,archive/p1/kernel_v15_fp8_smallbf16.py,def776567a7df358b84b600c8bddcf2f849ac1ade8a875ac9ffd6804e0a0d1d0,88618,2026-09-30T05:09:18.432265+08:00
p1/kernel_v160_route_n64_bm64.py,archive/p1/kernel_v160_route_n64_bm64.py,3ba2c036407834e8fdbb0ea46d1f72596a9d2a571a1829d85c634eec2a975695,115878,2026-09-30T05:09:18.433466+08:00
p1/kernel_v161_route_e8_bk256.py,archive/p1/kernel_v161_route_e8_bk256.py,ab6a8c4f08aeedf1d33e4917b4cb4b285a278e3581a1a98dba012773e6efc5c3,115884,2026-09-30T05:09:18.434633+08:00
p1/kernel_v162_final_tiled.py,archive/p1/kernel_v162_final_tiled.py,4a0ab30b50ecdb8c56fbe66799b5fdc59447126288128d268ed7964646ec5080,117276,2026-09-30T05:09:18.435609+08:00
p1/kernel_v163_final_tiled_hblock.py,archive/p1/kernel_v163_final_tiled_hblock.py,3bec0a8c3107209e02691cce26ffeee9f77e92d7dcef377b7bc59240566227e3,117085,2026-09-30T05:09:18.436594+08:00
p1/kernel_v164_final_tiled_aggr.py,archive/p1/kernel_v164_final_tiled_aggr.py,903c978973a36b13e3fdd67f42e432571cabe796e10df37b726e23e2945f3d35,117085,2026-09-30T05:09:18.438679+08:00
p1/kernel_v165_final_tiled_aggr2.py,archive/p1/kernel_v165_final_tiled_aggr2.py,1b75fde7fcefbf1983e6a6371bd79f4011685081f1675787042b4131c8cae2ab,116915,2026-09-30T05:09:18.439847+08:00
p1/kernel_v167_final_tiled_nomask.py,archive/p1/kernel_v167_final_tiled_nomask.py,d81ffcfea80e61f106bcf64e3ca8b78d3408b197a15700df26705374e50c7514,118894,2026-09-30T05:09:18.440791+08:00
p1/kernel_v168_route_e32_bk128.py,archive/p1/kernel_v168_route_e32_bk128.py,8b8ca87ea3f328d23f0882d1a3c7bb1ea7e658c9322490409a9f968e1e44fbd9,117107,2026-09-30T05:09:18.441802+08:00
p1/kernel_v169_route_e64_bk128.py,archive/p1/kernel_v169_route_e64_bk128.py,0efac79d1f0aceaee88d7524c7595b59589cf65376359567dc8902ec472b3a73,117129,2026-09-30T05:09:18.442752+08:00
p1/kernel_v16_swiglu_bn256.py,archive/p1/kernel_v16_swiglu_bn256.py,84fb09987acf1761397f1bda2c87d05780f02eb826df3abeefaaf07065424426,88618,2026-09-30T05:09:18.443662+08:00
p1/kernel_v170_final_bt16_w16.py,archive/p1/kernel_v170_final_bt16_w16.py,7fb73e11ab6f51c74a0525c4f5769d323ab8e8bb915c90ea9ac4996e4d415bdb,116961,2026-09-30T05:09:18.444626+08:00
p1/kernel_v171_final_bt16_keep_case12.py,archive/p1/kernel_v171_final_bt16_keep_case12.py,9f4f1408b2d3394e6fb6b2b03542d174a863a6d82a48026b46f2cadff7ab16bc,117072,2026-09-30T05:09:18.445576+08:00
p1/kernel_v172_final_bt32_w32.py,archive/p1/kernel_v172_final_bt32_w32.py,a35aa9f77c7a7b0938942193aaa429adaeab2d74cc560c3c383412af9db930eb,117072,2026-09-30T05:09:18.446518+08:00
p1/kernel_v173_final_bt64_w32.py,archive/p1/kernel_v173_final_bt64_w32.py,688a0d74d9963d23a788e6fe0d2394ab3720882022039b24c107d21e01a18d53,117072,2026-09-30T05:09:18.447551+08:00
p1/kernel_v174_gateup_grid264.py,archive/p1/kernel_v174_gateup_grid264.py,143c62cdf4eb70865926257087640aa61238cff2f79fe8876090fc8ca1239475,117072,2026-09-30T05:09:18.448488+08:00
p1/kernel_v175_route_n96_bk128.py,archive/p1/kernel_v175_route_n96_bk128.py,ce3d973b06c79cda2f47a64057cb6a50ff1a12ef4292e15aeed49ca14ce0ff51,117118,2026-09-30T05:09:18.449469+08:00
p1/kernel_v176_case2_fp8gateup.py,archive/p1/kernel_v176_case2_fp8gateup.py,0d17bd7715c9f129011721cb2ff62858bbdd5f454365bd0fb232e31201ab4875,125162,2026-09-30T05:09:18.450449+08:00
p1/kernel_v177_case2_fp8gateup_fixed.py,archive/p1/kernel_v177_case2_fp8gateup_fixed.py,22fe0a8dba09da1964802da0137119b552317b9b6e55f4006e849a8b6aeef889,125162,2026-09-30T05:09:18.451451+08:00
p1/kernel_v178_case12_bt32.py,archive/p1/kernel_v178_case12_bt32.py,775467722202df4a9ceb2945122e2176b3df54e88ca00a495339ce96df308754,116961,2026-09-30T05:09:18.452401+08:00
p1/kernel_v179_case2_dual_interleave.py,archive/p1/kernel_v179_case2_dual_interleave.py,8e904ebe25b7a83f566aec26756cedb7ee44b9e72769ab55e56fada625660bd6,121642,2026-09-30T05:09:18.453399+08:00
p1/kernel_v17_case2_fused_seq.py,archive/p1/kernel_v17_case2_fused_seq.py,58e3950ea6a838811283f0d93325f7be6c64b4c6e6b613328d7a70d45417c7e4,93056,2026-09-30T05:09:18.454351+08:00
p1/kernel_v180_case2_dual_interleave_bn256w16.py,archive/p1/kernel_v180_case2_dual_interleave_bn256w16.py,e7c031e16864da1bd837a3a86d1bb4f931b6116efb08289651a57edd4e68fcd0,121643,2026-09-30T05:09:18.455333+08:00
p1/kernel_v181_case2_dual_interleave_amax.py,archive/p1/kernel_v181_case2_dual_interleave_amax.py,e0796533fcbfdc16a98beddf33b41e9e8cfe775f51f244449769b2cbceb977cc,121901,2026-09-30T05:09:18.456342+08:00
p1/kernel_v182_case2_dual_interleave_amax_bn256w16.py,archive/p1/kernel_v182_case2_dual_interleave_amax_bn256w16.py,62739c9dbfffb2f8d9b8fd3c551c1bcf0205992252c514f48f5f9d779db8e5ed,121902,2026-09-30T05:09:18.457300+08:00
p1/kernel_v183_case2_dual_interleave_amax_bf16.py,archive/p1/kernel_v183_case2_dual_interleave_amax_bf16.py,0391ea865452127c751af042d391874043f8217aa33566806931d0d780eac510,121995,2026-09-30T05:09:18.458341+08:00
p1/kernel_v184_route_n96_bm64_bk128.py,archive/p1/kernel_v184_route_n96_bm64_bk128.py,9a49ca60915153f280f92d9c3e9ca2dad302d857868c1daab761b7749ec27421,117138,2026-09-30T05:09:18.459300+08:00
p1/kernel_v186_final_h1024_bt64.py,archive/p1/kernel_v186_final_h1024_bt64.py,18f09c010cd59ab4d91f82415ce30ebb535e83bec7e95b23b1b51481e4cd63cc,117159,2026-09-30T05:09:18.460216+08:00
p1/kernel_v188_fused_gm32.py,archive/p1/kernel_v188_fused_gm32.py,378d7657f55fdf22c5468fd0f17e6efd18552e9b2ae76639f34d1fd93d1ac675,117072,2026-09-30T05:09:18.461203+08:00
p1/kernel_v188b_fused_gm32.py,archive/p1/kernel_v188b_fused_gm32.py,28f81c6fe2224325495d3f05e8f4af2b29491c433b35bfba4165f662f827802e,117206,2026-09-30T05:09:18.462169+08:00
p1/kernel_v189_final_h3584_bh512.py,archive/p1/kernel_v189_final_h3584_bh512.py,67810befe13636fbd6225654e93b6931b1e4e4af39e240ce424f3d6ecc126afa,117245,2026-09-30T05:09:18.463520+08:00
p1/kernel_v18_swiglu_bn512.py,archive/p1/kernel_v18_swiglu_bn512.py,d5421059a3b70b69142bcf309cd18ae9d2e159f1aeacd90e07aa90bc2deb5dfa,88618,2026-09-30T05:09:18.464485+08:00
p1/kernel_v190_route_n96_bm64_w4.py,archive/p1/kernel_v190_route_n96_bm64_w4.py,20c201cc16279c5af3bdacd11f300e74ef9f9025a0bf0b86e30ece76e5f26bf0,117187,2026-09-30T05:09:18.465456+08:00
p1/kernel_v191_route_e8_s4.py,archive/p1/kernel_v191_route_e8_s4.py,b03a03fb4f8a69c908979ce5a4fd5b37b58f8b8ebf275497c648bd5180b552b3,117123,2026-09-30T05:09:18.466397+08:00
p1/kernel_v191b_route_e8_s4.py,archive/p1/kernel_v191b_route_e8_s4.py,87326f94aae13798a50c48894f594221466ee64ec46125826c8aa92e295b3193,117257,2026-09-30T05:09:18.467358+08:00
p1/kernel_v192_swiglu_bn128.py,archive/p1/kernel_v192_swiglu_bn128.py,ad8f9b21a049ab4c731eee36151be78bbdac879bc316ee5a591056e9a458318d,117072,2026-09-30T05:09:18.468317+08:00
p1/kernel_v193_down_w4.py,archive/p1/kernel_v193_down_w4.py,185a301ca1777abab1e5515dac2f1b04d2a0591296f5a09224771511020ffd1d,117072,2026-09-30T05:09:18.469289+08:00
p1/kernel_v193b_down_w4_only.py,archive/p1/kernel_v193b_down_w4_only.py,0079d8a101ab9d63f29ab3dcd96a99f50241c3c3c42e20350afcee61d2ad485e,117072,2026-09-30T05:09:18.470225+08:00
p1/kernel_v193c_down_w4_only.py,archive/p1/kernel_v193c_down_w4_only.py,26387cd756252292c176afaf499308c71201dc9cef97c6704c0e91a048834c03,117206,2026-09-30T05:09:18.471166+08:00
p1/kernel_v194_down_w16.py,archive/p1/kernel_v194_down_w16.py,bbf29e4c7de3b70eeccd3e57b905ce1970cf6d9ff967d0f122d70ceb14efd836,117076,2026-09-30T05:09:18.472165+08:00
p1/kernel_v194b_down_w16_only.py,archive/p1/kernel_v194b_down_w16_only.py,59254f5b6a10741e9852e266119a5d200d0c120886261ef8b4e7f96cdb5380b5,117074,2026-09-30T05:09:18.473094+08:00
p1/kernel_v195_base_h1024bt64.py,archive/p1/kernel_v195_base_h1024bt64.py,2f5ebbb5daa62bd027fe6bf4da2b446dbf09d531da159d01faa5c07e9cda8eba,117225,2026-09-30T05:09:18.474042+08:00
p1/kernel_v196_base_swiglu_bn128.py,archive/p1/kernel_v196_base_swiglu_bn128.py,6f8ad21a727b9ce200a4da73aecf116d037cd9ceca06a61f3f5ca2abf6edc5e4,117138,2026-09-30T05:09:18.475019+08:00
p1/kernel_v197_route_n96_bm64_bn64.py,archive/p1/kernel_v197_route_n96_bm64_bn64.py,8ada4f96f698288e4b8adb40d8ac427bf529ea5d7e6f4e87bdc7a50fb7cb56f4,117203,2026-09-30T05:09:18.475964+08:00
p1/kernel_v198_route_n96_bm128_bn64.py,archive/p1/kernel_v198_route_n96_bm128_bn64.py,a28a829c4224978983200a6d100814efb62e721efc5f3708dd6701df6094b838,117209,2026-09-30T05:09:18.477039+08:00
p1/kernel_v198b_route_n96_bm128_bn64.py,archive/p1/kernel_v198b_route_n96_bm128_bn64.py,6a18341a11da834627121b14483a1421d4104e2a5f437e3daf1eca7cb8f0b037,117206,2026-09-30T05:09:18.478063+08:00
p1/kernel_v199_swiglu_bn64.py,archive/p1/kernel_v199_swiglu_bn64.py,84bedefff4f1deecb4e9f185a428d5cca39cbff71e3ea5bd24649cd2cb183814,117135,2026-09-30T05:09:18.479013+08:00
p1/kernel_v19_case2_gm16.py,archive/p1/kernel_v19_case2_gm16.py,dfe6f28e53b3ffeaa33e53263db0575c820b7ed58de03a49696446518be84996,89636,2026-09-30T05:09:18.479912+08:00
p1/kernel_v200_gateup_w16.py,archive/p1/kernel_v200_gateup_w16.py,6806e72f510c53daf0b0ebf536897f18a06e8924fa988ab79a732a7e93acc99d,117139,2026-09-30T05:09:18.480869+08:00
p1/kernel_v200b_gateup_w16.py,archive/p1/kernel_v200b_gateup_w16.py,b6b9e8bd1436572de192ea057850185cff03a2d82a8d9561fd7103d8242d2963,117207,2026-09-30T05:09:18.481827+08:00
p1/kernel_v203_final_h3584_bh512.py,archive/p1/kernel_v203_final_h3584_bh512.py,aa6fc13d28344aa7f749c5f9686efaff92966db16c08e0ef97fc990b153e225b,117224,2026-09-30T05:09:18.482765+08:00
p1/kernel_v203b_final_h3584_bh512.py,archive/p1/kernel_v203b_final_h3584_bh512.py,99889294d3f18a3887911befdeb071e20a35eef69da4fd9c22e5dfc7d99228f1,117221,2026-09-30T05:09:18.483718+08:00
p1/kernel_v205_route_n96_w4.py,archive/p1/kernel_v205_route_n96_w4.py,31a5d1536d4185775ca915a3c18114b03c03d69f210efc5fe21effa4fa777511,117209,2026-09-30T05:09:18.484680+08:00
p1/kernel_v205b_route_n96_w4.py,archive/p1/kernel_v205b_route_n96_w4.py,4337f27cbebabcffd8ce087a0d7f8e26e39091bdf90af11659b01c33bfc01636,117206,2026-09-30T05:09:18.485650+08:00
p1/kernel_v206_swiglu_bn32.py,archive/p1/kernel_v206_swiglu_bn32.py,29a9f5a1f535cc610de5d9585c7ca336aea2819bfe82cc38293dfa7fa1ad66b5,117135,2026-09-30T05:09:18.486597+08:00
p1/kernel_v207_fused_gm64.py,archive/p1/kernel_v207_fused_gm64.py,ef0ee2b8e1e44ab6ecfaf107ae1aa25a32db99eea48450b423a292728dcd63d4,117206,2026-09-30T05:09:18.487612+08:00
p1/kernel_v208_route_e8_bm32.py,archive/p1/kernel_v208_route_e8_bm32.py,b3616b3fca449661897540deed8eff8dbbfe9007a4cbe9c96d099ff28c3b8394,117206,2026-09-30T05:09:18.488578+08:00
p1/kernel_v209_token_quant_bk64.py,archive/p1/kernel_v209_token_quant_bk64.py,0e8a57c5e1f2e27ebd662641a909b0dafa4ec17e56ed074e8e56889c1e7fcc55,117203,2026-09-30T05:09:18.489553+08:00
p1/kernel_v20_fused_s2.py,archive/p1/kernel_v20_fused_s2.py,65a76aee3d55a839d26388bda6aa1d92ee218369f94abc86104cde3f6648a9d1,88618,2026-09-30T05:09:18.490464+08:00
p1/kernel_v210_fused_gm32_s3.py,archive/p1/kernel_v210_fused_gm32_s3.py,46710a553cd8787a25e887bb8bfc19bc251566b76eaf249e2955010edb2e0567,117206,2026-09-30T05:09:18.491431+08:00
p1/kernel_v211_token_quant_bk32.py,archive/p1/kernel_v211_token_quant_bk32.py,78bf0d1106e9f17f5b51e2e349c1f3d40251c42f1386bf4bf20229c9d3be9967,117203,2026-09-30T05:09:18.492410+08:00
p1/kernel_v212_token_quant_bm64.py,archive/p1/kernel_v212_token_quant_bm64.py,c6da1a4dc184b53b3227e8ffdd7967d6c1ebd457ca8cd802f3c98053d1bcd0e1,117203,2026-09-30T05:09:18.493357+08:00
p1/kernel_v213_fused_grid264.py,archive/p1/kernel_v213_fused_grid264.py,b07d923d27b3f71ec11a2b8f66ae02d822b536128a256539ae4e77956d363d51,117206,2026-09-30T05:09:18.494301+08:00
p1/kernel_v214_final_case910_bt16.py,archive/p1/kernel_v214_final_case910_bt16.py,5d3bba445e85e111373dac87a3704a5cd8ef6c473e2fc8fa3eebb09f242357c7,117318,2026-09-30T05:09:18.495268+08:00
p1/kernel_v215_gateup_bk256_s2.py,archive/p1/kernel_v215_gateup_bk256_s2.py,71571a54b5d51073b9b0b5a63603d90fe5839ff61a68070bb70e67e77da9fe1f,117206,2026-09-30T05:09:18.496235+08:00
p1/kernel_v216_route_e64_w4.py,archive/p1/kernel_v216_route_e64_w4.py,31947f33a116da6a1ef5beb47c8cf2677c5cb1626471aa147c692ceccb824ae6,117206,2026-09-30T05:09:18.497177+08:00
p1/kernel_v217_route_e64_bm64_w4.py,archive/p1/kernel_v217_route_e64_bm64_w4.py,7a2bfa4bc9bebbdcec360d810d5030907964dc216802b51573794eb9ddaccccc,117310,2026-09-30T05:09:18.498114+08:00
p1/kernel_v218_route_e32_bm64.py,archive/p1/kernel_v218_route_e32_bm64.py,252697eaaf23e02b9b36e8c4cd58a1ea29623faf68c4532ea971b55092aa1287,117200,2026-09-30T05:09:18.499049+08:00
p1/kernel_v219_case2_dual_normal.py,archive/p1/kernel_v219_case2_dual_normal.py,c4eef45842892650e07eb1dac3819988393986d059b2ddfb5db79cf6cd2d5385,120838,2026-09-30T05:09:18.500032+08:00
p1/kernel_v21_sigmoid.py,archive/p1/kernel_v21_sigmoid.py,ea3073ca4c9fd5318ad46c156a8fd58042a367592bf067a42a8fa510b46ba8db,88578,2026-09-30T05:09:18.500940+08:00
p1/kernel_v220_route_e32_bm32.py,archive/p1/kernel_v220_route_e32_bm32.py,be175bb4c921823ae8b00e66823946c06935b5e36899bb03e441ca3fb996b26a,117200,2026-09-30T05:09:18.501905+08:00
p1/kernel_v221_route_e64_bm64_w8.py,archive/p1/kernel_v221_route_e64_bm64_w8.py,be8d8b6641bc78fffc40ac188775cbb14874191f35bbfa74d9d6b9a8e142a2e3,117304,2026-09-30T05:09:18.502921+08:00
p1/kernel_v223_case2_gather_bm64.py,archive/p1/kernel_v223_case2_gather_bm64.py,76dddada65c070b978db4c33444510642eb3e7b7a34529613caf569a4c35c750,117198,2026-09-30T05:09:18.503883+08:00
p1/kernel_v224_case2_gather_bm32.py,archive/p1/kernel_v224_case2_gather_bm32.py,198b407bbbdd4f38ac10cd1a7bcf386da198096cf88ae949360b65bdc44ff7ab,117198,2026-09-30T05:09:18.504827+08:00
p1/kernel_v225_gather_row_amax_bm64.py,archive/p1/kernel_v225_gather_row_amax_bm64.py,e74673d2700be601f3bdc8dc89b5b9bce39be43ddccf8926470813b0f5a8c922,117196,2026-09-30T05:09:18.505935+08:00
p1/kernel_v226_gather64_quant64.py,archive/p1/kernel_v226_gather64_quant64.py,a8fd490c5d0df4e121875c54f5634664ecac8966a397e7a097e98d2bb1bfc827,117195,2026-09-30T05:09:18.506910+08:00
p1/kernel_v227_case2_gather_bm64_bh256.py,archive/p1/kernel_v227_case2_gather_bm64_bh256.py,ef9eca54091d4b1e595a41b2afc6e84bddc9a6d62b9d7f9320faef448c7a9640,117198,2026-09-30T05:09:18.507840+08:00
p1/kernel_v228_case2_gather_bm64_bh512.py,archive/p1/kernel_v228_case2_gather_bm64_bh512.py,4000e81d6edbb9fa9d61a112ec01a85231d93f7741d3dbdc69f97eb0f75acc84,117198,2026-09-30T05:09:18.508825+08:00
p1/kernel_v229_gather_row_amax_bm64_bh256.py,archive/p1/kernel_v229_gather_row_amax_bm64_bh256.py,01b510c560f4ca9b95855bafa34f5a9f93346dc2cbf359b369c204cfbd6e31c1,117196,2026-09-30T05:09:18.509835+08:00
p1/kernel_v22_swiglu_bm256.py,archive/p1/kernel_v22_swiglu_bm256.py,5058f07b4268758f8185fd2f0139f8ceb42ac1d228570d368022e53375b2f5f3,88618,2026-09-30T05:09:18.510768+08:00
p1/kernel_v230_route_e32_bn16.py,archive/p1/kernel_v230_route_e32_bn16.py,aa8ef0279786de47025be23a3b120dcaf32b7795ce9b142281386dd6d08b45d2,117198,2026-09-30T05:09:18.511715+08:00
p1/kernel_v231_final_h1024_w16.py,archive/p1/kernel_v231_final_h1024_w16.py,59ebec9a1e6d3c01bc6f795cf7d8c4c7098e91aec260fb9beb12f834a3bb63b7,117285,2026-09-30T05:09:18.512676+08:00
p1/kernel_v232_gather_h1024_bh256.py,archive/p1/kernel_v232_gather_h1024_bh256.py,65d8b564b9efc4a188e6dc8e70aa78fd58d69521bd3cddaf9a608e044f1ebaca,117182,2026-09-30T05:09:18.513625+08:00
p1/kernel_v232b_gather_h1024_bh256.py,archive/p1/kernel_v232b_gather_h1024_bh256.py,f25eb6107ff5e79531a093e1eab80ff9acf05ac7ad41cee4b55f8bd5386eb9ba,117246,2026-09-30T05:09:18.514571+08:00
p1/kernel_v233_token_quant_bk64.py,archive/p1/kernel_v233_token_quant_bk64.py,14329d914f56144d2ab181eee096e96b61f6862ced5af23af8c7e9e967f1a8c5,117195,2026-09-30T05:09:18.515540+08:00
p1/kernel_v234_gather_row_bm64_bh256.py,archive/p1/kernel_v234_gather_row_bm64_bh256.py,fbcea8ae30572c5b46296dfee42c6d404940da23eeb85c410ea5b6235bfe2007,117193,2026-09-30T05:09:18.516489+08:00
p1/kernel_v235_token_quant_bm64_bk64.py,archive/p1/kernel_v235_token_quant_bm64_bk64.py,141d8664e6fc9cc048fcd6e4aa19ac7b3e491d02606a2cf5a11410dbe94c17d1,117192,2026-09-30T05:09:18.517448+08:00
p1/kernel_v236_route_e64_w4_r3.py,archive/p1/kernel_v236_route_e64_w4_r3.py,595e0cd69588ee0c2f77c1d51e7f57186d54f1368e6998ff70346f0577b6e9f9,117195,2026-09-30T05:09:18.518649+08:00
p1/kernel_v236c_route_e64_w4_r3.py,archive/p1/kernel_v236c_route_e64_w4_r3.py,2d256a74b48a0ce8bf43a97a7c712978a20726417ace844ede1bf61801b3b033,117355,2026-09-30T05:09:18.519601+08:00
p1/kernel_v237_final_case910_bt16_r3.py,archive/p1/kernel_v237_final_case910_bt16_r3.py,46b5b7db58cfcbc06a91a425b3f9d192c7d0810e64836c35f56b82a9213d6a81,117307,2026-09-30T05:09:18.520594+08:00
p1/kernel_v237b_final_case910_bt16_r3.py,archive/p1/kernel_v237b_final_case910_bt16_r3.py,fb0779e04c0d8165fd7db7696903f5e047742f90f25df0e05dc80d1daa2fc974,117355,2026-09-30T05:09:18.521643+08:00
p1/kernel_v238_gather_h1024_bh256_r3.py,archive/p1/kernel_v238_gather_h1024_bh256_r3.py,29d7ab60c4df7012c93a8a0e131b53dec01b0a3d1ac8f33c1ab7f53347de0ae4,117243,2026-09-30T05:09:18.522598+08:00
p1/kernel_v239b_hist_counts.py,archive/p1/kernel_v239b_hist_counts.py,521c0773469d3fe2bd32f52d112d359e5e77cedb11eeba576d48533d0a8d1109,118400,2026-09-30T05:09:18.523642+08:00
p1/kernel_v23_swiglu_bm64.py,archive/p1/kernel_v23_swiglu_bm64.py,6578e0a23321b4f5314d2840d731d163471b75a7526746bb2ea32fa21538c324,88615,2026-09-30T05:09:18.524606+08:00
p1/kernel_v240c_graph_tl.py,archive/p1/kernel_v240c_graph_tl.py,3c091bcc464998277b6087a50beaa2d2ce38f84d6b4e523823b349c1eee486cc,119950,2026-09-30T05:09:18.525686+08:00
p1/kernel_v241b_csort.py,archive/p1/kernel_v241b_csort.py,704cd613d93a1bef412b9d5e1281b66ea6e626ae71ab9aac8ff97795f6c7b349,120704,2026-09-30T05:09:18.526845+08:00
p1/kernel_v242_csort_graph.py,archive/p1/kernel_v242_csort_graph.py,4874ef9a626d4c1d7bba8d62c1da649e41c5e71964308bc3dcc92c94540194ad,122254,2026-09-30T05:09:18.527996+08:00
p1/kernel_v243_csort_safe.py,archive/p1/kernel_v243_csort_safe.py,40f0ed79ecc7da8faf0f465ed278bf482bac77570ddfc8ce17ec4fec4ec632de,121137,2026-09-30T05:09:18.529075+08:00
p1/kernel_v244_route_fused.py,archive/p1/kernel_v244_route_fused.py,a507a9432a9b5377b46a4a2ca0d84bb1b06baf154879a63ddd34f365b771d5e9,124891,2026-09-30T05:09:18.530152+08:00
p1/kernel_v245_graph_settle.py,archive/p1/kernel_v245_graph_settle.py,72b3e8a822dd317299150822588c8916de83c327ea1337dac6cd5789c103b79d,122877,2026-09-30T05:09:18.531268+08:00
p1/kernel_v246_direct_gather.py,archive/p1/kernel_v246_direct_gather.py,043cd0d1274c57134f62fc89c7b24463067d06cd8adc919bfb88f3186be77431,130376,2026-09-30T05:09:18.534296+08:00
p1/kernel_v246b_direct_gather.py,archive/p1/kernel_v246b_direct_gather.py,f49cb6acd848d1228aa286e543e058a3c4352d19fce0cd790b6ab8a42f579fc4,130380,2026-09-30T05:09:18.536100+08:00
p1/kernel_v246c_direct_gather.py,archive/p1/kernel_v246c_direct_gather.py,bb63ff994f6c90fba32e18846a2cbcf9cf02d0d4d7ff3d9dd3ea372e14790e2c,130228,2026-09-30T05:09:18.537206+08:00
p1/kernel_v246d_direct_gather.py,archive/p1/kernel_v246d_direct_gather.py,69677be6d41ab424a29acc691f51191702b6161f71a5f9bb7aace67b40265c05,130252,2026-09-30T05:09:18.538253+08:00
p1/kernel_v247_graph_call2.py,archive/p1/kernel_v247_graph_call2.py,c59b4259a6fce77fd968c6039dc7d59626e474e3cbf868aa75c3aca0e2d1f988,126604,2026-09-30T05:09:18.539295+08:00
p1/kernel_v248_case2_direct.py,archive/p1/kernel_v248_case2_direct.py,280efa07dd849195efd6b135537366c31813224b3f1256f1ea062dbf51baa069,130226,2026-09-30T05:09:18.540369+08:00
p1/kernel_v249_lazy_direct.py,archive/p1/kernel_v249_lazy_direct.py,67028ef49694bc6594f0dc5843e4853f80f4bb61d104e7d933402b78d076bdf9,130500,2026-09-30T05:09:18.541356+08:00
p1/kernel_v24_case2_down_bn128.py,archive/p1/kernel_v24_case2_down_bn128.py,ad77332f7187eda61e0a6a544995f5adb71d63c980722456277b0d415fb05d65,89566,2026-09-30T05:09:18.542308+08:00
p1/kernel_v250_lazy_all_direct.py,archive/p1/kernel_v250_lazy_all_direct.py,986d0b81e162bf9b6a6eaccd7d92234351adf003a84f0bf27c31966906c8ff6c,130505,2026-09-30T05:09:18.543544+08:00
p1/kernel_v251_fgs_tma.py,archive/p1/kernel_v251_fgs_tma.py,d054452af561a25c4c523941ff4b9f604f2baa8a23820baa71801fda60a52227,134260,2026-09-30T05:09:18.544541+08:00
p1/kernel_v252_direct_e16.py,archive/p1/kernel_v252_direct_e16.py,23f3055aebc109e82eabab0e888f9a271e56443e3f00ca95938b69f7df22d9dc,130486,2026-09-30T05:09:18.545711+08:00
p1/kernel_v253_case1_in.py,archive/p1/kernel_v253_case1_in.py,38dc48be295c78c424869f606a0409093f7f45d2659bc6abf426d798cf076404,134276,2026-09-30T05:09:18.546818+08:00
p1/kernel_v255_case2_clean.py,archive/p1/kernel_v255_case2_clean.py,9e44ca7c88d545f148b6d7a72993291b1bdf2b15967fab0842464f0a346c368f,136607,2026-09-30T05:09:18.547934+08:00
p1/kernel_v256_c2_mutability.py,archive/p1/kernel_v256_c2_mutability.py,138433eaf7d499477644a08a8cb29cc1a8a1970336f7c7c7ced6518b94c720bb,134262,2026-09-30T05:09:18.550077+08:00
p1/kernel_v257_c2_keepgather.py,archive/p1/kernel_v257_c2_keepgather.py,f4fb0fc618c48c33bf317444a96a914a1cff2baf08162ae95ce28feff63d119f,136674,2026-09-30T05:09:18.551235+08:00
p1/kernel_v258_e8_route.py,archive/p1/kernel_v258_e8_route.py,5bc7d5800d823fc00841df9344cb686c404dbcc235cc33ba37f9d6434bd9372e,134278,2026-09-30T05:09:18.552285+08:00
p1/kernel_v259_c2_dummyalloc.py,archive/p1/kernel_v259_c2_dummyalloc.py,a418952f7f2dbbec45793f85f11e37cc5a50c1ef6c44a680ec79c2c82f097d9f,136712,2026-09-30T05:09:18.553293+08:00
p1/kernel_v25_case2_gateup_bn128.py,archive/p1/kernel_v25_case2_gateup_bn128.py,6732c8676c14c5036808a20201b9febfc875fcd8e59c4d69aa380505c59256b9,89637,2026-09-30T05:09:18.554280+08:00
p1/kernel_v260_combined.py,archive/p1/kernel_v260_combined.py,6c0f05486253bc9d4ce66600354dae18299ce0baa470ee052d6f01638f7d58e4,136730,2026-09-30T05:09:18.555520+08:00
p1/kernel_v261_c2_gateup_tma.py,archive/p1/kernel_v261_c2_gateup_tma.py,873155f251b294a0609370ecca0ac08dd93a4b6a0ead7b8e6005a7581ed8de68,137044,2026-09-30T05:09:18.556535+08:00
p1/kernel_v262_atma.py,archive/p1/kernel_v262_atma.py,923e86384d51373b99008cafac5b243937b09d6c8e6585e4145c572df6bb21a8,140723,2026-09-30T05:09:18.558691+08:00
p1/kernel_v262b_atma.py,archive/p1/kernel_v262b_atma.py,53648af7cb16332bd20067f197fab0919c518378f3d8db09de40b248699e2737,140706,2026-09-30T05:09:18.560085+08:00
p1/kernel_v263_hybrid_tma.py,archive/p1/kernel_v263_hybrid_tma.py,0bda0d756102121c92f0d6081f420bed232a4237262763652fe163b8d4e9d18e,140731,2026-09-30T05:09:18.561386+08:00
p1/kernel_v264_dn_atma.py,archive/p1/kernel_v264_dn_atma.py,5f32632f9c7c85a508a7004d12be1927ddcf546ac7b80e17d732bcbaab3e83e0,143596,2026-09-30T05:09:18.562756+08:00
p1/kernel_v265_c2dn_atma.py,archive/p1/kernel_v265_c2dn_atma.py,d5c927b8894bc426ed248da25a034f354c9cfcc899722d71b462ca25cc5823bb,146421,2026-09-30T05:09:18.564030+08:00
p1/kernel_v266_c2gu_atma.py,archive/p1/kernel_v266_c2gu_atma.py,ea8b4c425c13b3013c812d3b77d74337bb556a834a275ec68543abcaf5f2a378,146689,2026-09-30T05:09:18.565118+08:00
p1/kernel_v267_c2_fused.py,archive/p1/kernel_v267_c2_fused.py,5fc0509ed0e468474817e667b5e4bfb837340a679f7c17d6b0db1869babbacb0,146789,2026-09-30T05:09:18.567376+08:00
p1/kernel_v267b_c2fused_shadow.py,archive/p1/kernel_v267b_c2fused_shadow.py,2bdb31113dbaab81fad8a6c6aabd7141382056e062b074d550e76fc62a15cc5a,146899,2026-09-30T05:09:18.569103+08:00
p1/kernel_v268_dn_s4.py,archive/p1/kernel_v268_dn_s4.py,8c916edbb8c95b6c09182ab3927f1b5e714db244d347dfce2d2ed4aefd76f421,146689,2026-09-30T05:09:18.570144+08:00
p1/kernel_v269_merged.py,archive/p1/kernel_v269_merged.py,bb58b31317bd285678a8f0f13f2c353fc9420e149af61786b3d11a0acfe89505,146899,2026-09-30T05:09:18.571344+08:00
p1/kernel_v26_case2_gateup_nonpersistent.py,archive/p1/kernel_v26_case2_gateup_nonpersistent.py,64a39f2a29bd86599a2a5400d396bf7d333b22d55c3ee8202f8f2927fa750c16,89708,2026-09-30T05:09:18.572398+08:00
p1/kernel_v270_c2_tma2.py,archive/p1/kernel_v270_c2_tma2.py,8c32737d1af2e81ecd3b9a07d2d40351b6e392118623c939ce28ac7407e60dea,146885,2026-09-30T05:09:18.573558+08:00
p1/kernel_v271_tma2_all.py,archive/p1/kernel_v271_tma2_all.py,aec7dce79cd9906fe725a74707d8469027868b070acfb0889214200c36988df9,146874,2026-09-30T05:09:18.574684+08:00
p1/kernel_v272_route_mega.py,archive/p1/kernel_v272_route_mega.py,7f739e5d998d448610a1c39a53992097ec6b6bffeef6266c81a61e621b7dba86,149858,2026-09-30T05:09:18.575715+08:00
p1/kernel_v273_gq1p.py,archive/p1/kernel_v273_gq1p.py,f26339d195430e63991ac5271081dd8919c64cc2a7ac86fdb7faf5934e8508d9,151496,2026-09-30T05:09:18.576797+08:00
p1/kernel_v273b_gq1p.py,archive/p1/kernel_v273b_gq1p.py,94250df3854f3ddb3838c40ea2c024f565757b393c4d89b62ebf9fb5b5ef4686,151538,2026-09-30T05:09:18.577992+08:00
p1/kernel_v273c_gq1p.py,archive/p1/kernel_v273c_gq1p.py,792ed01fc8f211ccd23030515ef489b671521e6392e410bdf039bfd891790190,151242,2026-09-30T05:09:18.579084+08:00
p1/kernel_v274_e8_csort.py,archive/p1/kernel_v274_e8_csort.py,f5ec69223bcccc9b4e1e3b4cd1dc73e97edae2c335e03e05e2f7640e5872d9b3,151585,2026-09-30T05:09:18.580234+08:00
p1/kernel_v274b_e8_csort.py,archive/p1/kernel_v274b_e8_csort.py,3a0aa9b3914bcf88fe6ef38f088f06bb2dc9d560c05c2fbc4f1860745825304a,151260,2026-09-30T05:09:18.581242+08:00
p1/kernel_v275_act_q8.py,archive/p1/kernel_v275_act_q8.py,276770106e338952a6b43584997f7ae2a2791762802644eca22e91436411aaa6,160783,2026-09-30T05:09:18.582227+08:00
p1/kernel_v278_overlap.py,archive/p1/kernel_v278_overlap.py,46d9ccc93211d9a03b9d5bea15b8df038b0304464fd87ed0f67fb7f81aecfb2d,151795,2026-09-30T05:09:18.583322+08:00
p1/kernel_v279_logit_topk.py,archive/p1/kernel_v279_logit_topk.py,94acfafe347b3737bd4e590b8963c8c1e26b3048f71c354f259a816284e4472d,151319,2026-09-30T05:09:18.584309+08:00
p1/kernel_v27_route_e256_bm64.py,archive/p1/kernel_v27_route_e256_bm64.py,33c83f42d678486aeee401242df18ca9f8374ad301d44f0934c46ebe0d588588,88754,2026-09-30T05:09:18.585258+08:00
p1/kernel_v280_prefix_cache.py,archive/p1/kernel_v280_prefix_cache.py,8d2bd679024482263025ef39d6ed3d1c1201ddae7ff20762ea6f8c2363d7b08b,152254,2026-09-30T05:09:18.586367+08:00
p1/kernel_v280b_shadow.py,archive/p1/kernel_v280b_shadow.py,7075ea0ea2680f14f9a08f7b0ef37baee34611d9eb356d766c3e0d0b42f40772,152887,2026-09-30T05:09:18.587360+08:00
p1/kernel_v281_copyback.py,archive/p1/kernel_v281_copyback.py,2763be6dee9f60fb8d064c63b7bb2aa894ed0175980c06cab2906073e78f3b78,153362,2026-09-30T05:09:18.588548+08:00
p1/kernel_v282_gqcache.py,archive/p1/kernel_v282_gqcache.py,e22da197bf5bd84d41c20f42cce754cc95e86058b7a48e9203cdeabc0840ba7c,152300,2026-09-30T05:09:18.589726+08:00
p1/kernel_v283_kcopy.py,archive/p1/kernel_v283_kcopy.py,e6be91f962f30d529ba76c1a9a83890e19aebb52cb70829992f81e2250687bc1,152240,2026-09-30T05:09:18.590790+08:00
p1/kernel_v284_bm64.py,archive/p1/kernel_v284_bm64.py,9b6276105f57ec58dda09432b49a676459d020202bec64a6a05284b0bd14d8f3,151663,2026-09-30T05:09:18.591791+08:00
p1/kernel_v285_ep256.py,archive/p1/kernel_v285_ep256.py,53f77a0488c52cbf8f20c22b25c3f11f08d58d72bda34d224ec3cbedea4eab82,153836,2026-09-30T05:09:18.593032+08:00
p1/kernel_v285b_ep256.py,archive/p1/kernel_v285b_ep256.py,9aa30c7d58aeac99ddd8e8bad225f9e8f8d7e3a16ecd0f0ec0f1ca3f43b73f6f,154163,2026-09-30T05:09:18.594123+08:00
p1/kernel_v286_a2a256.py,archive/p1/kernel_v286_a2a256.py,cf5e82af8b34bbf8b84d5eae66c2d4748dfe4b769a19e6b41ecbb9843fd82f73,157235,2026-09-30T05:09:18.595235+08:00
p1/kernel_v287_c1direct.py,archive/p1/kernel_v287_c1direct.py,b9c2e5d34efda223ee1e663b73853e8a29b92c864ae75ab031f36d76e2d156ff,151245,2026-09-30T05:09:18.596239+08:00
p1/kernel_v288_csortk.py,archive/p1/kernel_v288_csortk.py,1bf590ef93770855b429ac6b985cbb07238da47eed5c76697bc71e30ba9dfc77,152808,2026-09-30T05:09:18.597385+08:00
p1/kernel_v288b_csortk.py,archive/p1/kernel_v288b_csortk.py,994376db7b15d0eaee11b34207c42bb0fd2de654f73ac34842e733ee0a37f300,152901,2026-09-30T05:09:18.598688+08:00
p1/kernel_v288c_csortk.py,archive/p1/kernel_v288c_csortk.py,681072e6b05ae7af57a4aec50f04b0c038a65f58325712feea1d351d1b08340c,152940,2026-09-30T05:09:18.600248+08:00
p1/kernel_v289_c1d_gluelite.py,archive/p1/kernel_v289_c1d_gluelite.py,59904d290fd617bb5f770547fdf7be9f0969c5dcf48a4895334b0f2375b10eb2,151243,2026-09-30T05:09:18.601538+08:00
p1/kernel_v28_case2_gateup_bk64.py,archive/p1/kernel_v28_case2_gateup_bk64.py,33badb91cd7bf61c0a106b197a9d97c0bf815b76a3617aa0dbfb07bb18f3984c,90297,2026-09-30T05:09:18.602521+08:00
p1/kernel_v290_gm16.py,archive/p1/kernel_v290_gm16.py,176afa9b314a61981aff378f25404ccd5d024b0a2dae08b26d722c08859deea9,151276,2026-09-30T05:09:18.603681+08:00
p1/kernel_v290b_gm16_dns3.py,archive/p1/kernel_v290b_gm16_dns3.py,1180c6f2679b53367a625386e78faf90702ce00f669d5315b4bf79b99a66cad7,151297,2026-09-30T05:09:18.604707+08:00
p1/kernel_v291_gm24_qk512.py,archive/p1/kernel_v291_gm24_qk512.py,02709e548db1725e9ba04f15ba52702cbf79067f0ed6bd0c59300aa1c4ca201e,151397,2026-09-30T05:09:18.605716+08:00
p1/kernel_v292_bf16a.py,archive/p1/kernel_v292_bf16a.py,faee3b17bc9be5fe0bff0166d9ec9dad24de6f9783b05b83fb25f7431fd9b01a,154772,2026-09-30T05:09:18.606773+08:00
p1/kernel_v292b_bf16a.py,archive/p1/kernel_v292b_bf16a.py,b28361463cfd6aa07d2bd073412997372b9c4881eb87e9ec03e732a35b9784eb,154729,2026-09-30T05:09:18.607810+08:00
p1/kernel_v293_mdempty.py,archive/p1/kernel_v293_mdempty.py,f9e3927ebe2e1957902085cd2553967689442f71d3cf5b4a8ca907f108c93af8,154729,2026-09-30T05:09:18.608796+08:00
p1/kernel_v294_gq1pw2_c8bf16a.py,archive/p1/kernel_v294_gq1pw2_c8bf16a.py,122051a23712f2123e98c3f6e93ab211da1081df72f9460341c34bfc459da122,154796,2026-09-30T05:09:18.609904+08:00
p1/kernel_v294b.py,archive/p1/kernel_v294b.py,844030e38d66c66bac8a554e870ca2d15ac22b48109dc9d009c96fb5a6262a28,154881,2026-09-30T05:09:18.610905+08:00
p1/kernel_v294c.py,archive/p1/kernel_v294c.py,5ad1c6e899a9c9dc996aade2696a6c311d4c6033d90a9328c9040732e3454e69,154838,2026-09-30T05:09:18.611982+08:00
p1/kernel_v295_csortk.py,archive/p1/kernel_v295_csortk.py,1032e7c879113154a3ffbbee9f0e36116320fa549ec51167d98ee7e7d5edb756,156424,2026-09-30T05:09:18.612978+08:00
p1/kernel_v296_intlv.py,archive/p1/kernel_v296_intlv.py,8df59ccb85cbbde5a34b46d7abb3d731afd1a6006d2cb0772a0687327fcbae32,164198,2026-09-30T05:09:18.613972+08:00
p1/kernel_v296b_intlv_e8.py,archive/p1/kernel_v296b_intlv_e8.py,b22e5975d5a64ca7aa8ba6b88b3dfa74c5e27b612839576eba7345b3e274ea15,164141,2026-09-30T05:09:18.615007+08:00
p1/kernel_v297_e8csort.py,archive/p1/kernel_v297_e8csort.py,5287e94e11ff7aac671bd7350bc1614f3f665bd486a4a6814298a23cb81509db,164395,2026-09-30T05:09:18.616447+08:00
p1/kernel_v298_md2.py,archive/p1/kernel_v298_md2.py,b69166da8ffa301cc42cf52eef42db770d1ffd0a1ad04d3309cd05d3cc0a5385,164395,2026-09-30T05:09:18.617816+08:00
p1/kernel_v299_md1_sw4.py,archive/p1/kernel_v299_md1_sw4.py,4bcd91952c7ec2bd11cbdc1b7a0dad8d89dcd68d51b9f1fcd43acf017cfbff02,166749,2026-09-30T05:09:18.619270+08:00
p1/kernel_v29_case2_gateup_s2.py,archive/p1/kernel_v29_case2_gateup_s2.py,e12ad34ca677ec15ac23d0f2347023fe9704f094bdd6df2c40d4e75291e13b4c,90293,2026-09-30T05:09:18.620347+08:00
p1/kernel_v3.py,archive/p1/kernel_v3.py,db8bc9dc5133db1381728ecdbf44386e7e4d41d80952a6a753a1db5b39a974d8,9125,2026-09-30T05:09:18.621252+08:00
p1/kernel_v300_sort3.py,archive/p1/kernel_v300_sort3.py,afe11e7ffd3d689232aa3ebab72fb4b0fc7c6c8c2018829009aa512cd341fe42,165816,2026-09-30T05:09:18.622649+08:00
p1/kernel_v301_sort3_e32.py,archive/p1/kernel_v301_sort3_e32.py,d040c960169ba7ac95f361af3cc0cb4ced248c20d12c0dbf18e0094d64e0ca12,165816,2026-09-30T05:09:18.624125+08:00
p1/kernel_v302_sort3_e128.py,archive/p1/kernel_v302_sort3_e128.py,9fd67159698c7da4e9f227c3b4c57f1c8b300c5ad1f4cf26ca1217877c4babf2,165817,2026-09-30T05:09:18.625828+08:00
p1/kernel_v303_sort3_all.py,archive/p1/kernel_v303_sort3_all.py,d446a041b18bb25a56ec34eb9e1a6e7562d119fe916f59788960a119f7d84a0a,165800,2026-09-30T05:09:18.627139+08:00
p1/kernel_v304_routehist.py,archive/p1/kernel_v304_routehist.py,305d3eb915dd8f27b3d71b8f836fe7135a42cfe612614946073e88b6acd9d814,169009,2026-09-30T05:09:18.628526+08:00
p1/kernel_v304b_routehist.py,archive/p1/kernel_v304b_routehist.py,6b6b16d47fa9ee624adb34e58a8fdcd2ae700b2939a9e4c571fc1a39432c2c8f,169022,2026-09-30T05:09:18.629635+08:00
p1/kernel_v304c_routehist.py,archive/p1/kernel_v304c_routehist.py,51fa8327cbd4a7a24cbec67a8de36b4e1523f2fedc2ec6ec1eb96e1b07a97409,169082,2026-09-30T05:09:18.630780+08:00
p1/kernel_v305_sort2.py,archive/p1/kernel_v305_sort2.py,343651c7b716f7fdeb30de60e07a7c2fb06dc17f1ee9af62edbe6ef6dc820a32,166638,2026-09-30T05:09:18.631947+08:00
p1/kernel_v305b_sort2_e8.py,archive/p1/kernel_v305b_sort2_e8.py,9531c96aea2464f7364cbde5aaf1ef5aa1c7f0b5537d32a2231b8fff113fe8e5,166625,2026-09-30T05:09:18.633294+08:00
p1/kernel_v305c_sort2_e32.py,archive/p1/kernel_v305c_sort2_e32.py,343651c7b716f7fdeb30de60e07a7c2fb06dc17f1ee9af62edbe6ef6dc820a32,166638,2026-09-30T05:09:18.634445+08:00
p1/kernel_v306_intgm.py,archive/p1/kernel_v306_intgm.py,23e9f10c32f94750c7f121c27822ca1b4e7a06142d5753af26d8dac3f44b7f5d,166624,2026-09-30T05:09:18.635524+08:00
p1/kernel_v307_gq1ptm.py,archive/p1/kernel_v307_gq1ptm.py,74fe1db007100c82f90094067ab674fd24a3520537b47c134bc0f241b99f6e51,168145,2026-09-30T05:09:18.636745+08:00
p1/kernel_v308_md1.py,archive/p1/kernel_v308_md1.py,a3efd383a80389b0f4a83e9a2fc4b38a75090df8b219e5d52516d3a8daffc940,170458,2026-09-30T05:09:18.637983+08:00
p1/kernel_v309_pf_c2.py,archive/p1/kernel_v309_pf_c2.py,70a7ab36197fbe5ad5a8e9cad76e3082031e4395864b8c27dc83bbacf0ac9ead,172692,2026-09-30T05:09:18.639180+08:00
p1/kernel_v30_quant_bm256.py,archive/p1/kernel_v30_quant_bm256.py,76f6209c04e8464d8ed5299cde3588ae5912265682a77e852ca9802decabddbb,88618,2026-09-30T05:09:18.640339+08:00
p1/kernel_v310_intatom.py,archive/p1/kernel_v310_intatom.py,6a76cdbb6fc3f0fb154ece38d55ae018b94a30c6d923bcff95284dbe92eb3512,171641,2026-09-30T05:09:18.641633+08:00
p1/kernel_v311_intatom_all.py,archive/p1/kernel_v311_intatom_all.py,509bbdae4a5290725e6130771dcca215a0d78d60317d4942b787a818d2f3d29f,175150,2026-09-30T05:09:18.642841+08:00
p1/kernel_v312_ws.py,archive/p1/kernel_v312_ws.py,615281bd53969a634286edf4a3044345a9eda3014343fe442f65d6ad986c9c46,171633,2026-09-30T05:09:18.644147+08:00
p1/kernel_v313_drop.py,archive/p1/kernel_v313_drop.py,ca265f392d462f99602fd877bc068d7837f8e6a4eebafc678cdca9b5edca9eb2,170971,2026-09-30T05:09:18.645380+08:00
p1/kernel_v314_drop.py,archive/p1/kernel_v314_drop.py,d664e883af8d1e69391225b5626ee346c2a5fa94a258baa1ac61c995778bb93c,171477,2026-09-30T05:09:18.646558+08:00
p1/kernel_v315_drop.py,archive/p1/kernel_v315_drop.py,e774297faf07241cf38f8913e50ca6805a6d5b8f8b8261a54768ea33612a2daa,171665,2026-09-30T05:09:18.647718+08:00
p1/kernel_v317_drop.py,archive/p1/kernel_v317_drop.py,031d159961c6f447afa87879677c7de3f2a07611cd4942a55f865d1d7416c56e,170893,2026-09-30T05:09:18.648928+08:00
p1/kernel_v318_drop.py,archive/p1/kernel_v318_drop.py,8a76f2ba3ba8aab16d51cfc7e419208501b250edd41a2679b26cec04923681e9,168750,2026-09-30T05:09:18.650111+08:00
p1/kernel_v319_sp.py,archive/p1/kernel_v319_sp.py,c813a03a51b4a6dee4fab247c6e889b2c4c090a7da20c142dab33722e34302a7,179355,2026-09-30T05:09:18.651325+08:00
p1/kernel_v31_gather_amax.py,archive/p1/kernel_v31_gather_amax.py,f71aca47000b72acd0d94b93ba995b2f255fdbae77a1fd8a85a2b599022451b1,90654,2026-09-30T05:09:18.652453+08:00
p1/kernel_v320_sp.py,archive/p1/kernel_v320_sp.py,216900d59cd2b5164902c4d9fc64256f07b9c1260a6b435ffbb50d9cbc1e99ad,178750,2026-09-30T05:09:18.653710+08:00
p1/kernel_v322_streams.py,archive/p1/kernel_v322_streams.py,95dae45674b3d4b5943012a934cb4b393d1bc66cc8e5ccb31e9ca6bff3c08029,168648,2026-09-30T05:09:18.654874+08:00
p1/kernel_v323_fsort.py,archive/p1/kernel_v323_fsort.py,1fb3384768d6b88bab2185a3c5f91eeff711c0361341ca3097d7d62cf2ec1d12,171378,2026-09-30T05:09:18.656046+08:00
p1/kernel_v324_fsort_ext.py,archive/p1/kernel_v324_fsort_ext.py,decdcf8eb7eda1d03a256e0341582e975c00cbcdd559bcf861869f35382beaa1,171390,2026-09-30T05:09:18.657234+08:00
p1/kernel_v325_smm.py,archive/p1/kernel_v325_smm.py,bcaefa7a495f98967ba624edb2362e3b66697814f6cada9495577d6be4c244e8,170104,2026-09-30T05:09:18.658419+08:00
p1/kernel_v326_f8dn.py,archive/p1/kernel_v326_f8dn.py,386ecc22104dd4b52401f901d29c5adec1ba3b399f350a76d536d1a60ebf704d,173660,2026-09-30T05:09:18.660290+08:00
p1/kernel_v327_f8dn_all.py,archive/p1/kernel_v327_f8dn_all.py,758e637cf160340e110d9b29a5ceb8badf12be74d03d35900c67dcc3b1175124,176837,2026-09-30T05:09:18.661565+08:00
p1/kernel_v328_f8big.py,archive/p1/kernel_v328_f8big.py,92795a9e6ca7baf648d1fdacad3f41ed4baf879221fdabc26e3501c5b239d244,174029,2026-09-30T05:09:18.662842+08:00
p1/kernel_v329_pm.py,archive/p1/kernel_v329_pm.py,eb197440282a27f0e682089575b01267625ecfd2b9479ea09cd3ae76ad93a3d7,179391,2026-09-30T05:09:18.664276+08:00
p1/kernel_v329b_pm.py,archive/p1/kernel_v329b_pm.py,e948175e39254ebc1e5be4297c33cb8cd72d5cc7e710242eb259fbea2a272634,179481,2026-09-30T05:09:18.665853+08:00
p1/kernel_v329c_pm.py,archive/p1/kernel_v329c_pm.py,42e12f8ac8780201bcd56676d68b99bdbd9431f2c99064d3c67e8a33eb918cec,178661,2026-09-30T05:09:18.666987+08:00
p1/kernel_v32_gather_amax_hybrid.py,archive/p1/kernel_v32_gather_amax_hybrid.py,52a8533badbddceb1ce6ef4cc9548443d4f3e5662e37a23b67f3545d9306032a,90894,2026-09-30T05:09:18.667968+08:00
p1/kernel_v330_pm_all.py,archive/p1/kernel_v330_pm_all.py,6812b260d316b45440efe6fe4c4d8fde44b89ad01a4ea743480b37089c668efa,183533,2026-09-30T05:09:18.668994+08:00
p1/kernel_v330b_pm_all.py,archive/p1/kernel_v330b_pm_all.py,e16c110af0dc884493b7dbbd19dcb670c2eeb4fac4c9ec09a42130de13746491,183623,2026-09-30T05:09:18.670028+08:00
p1/kernel_v330c_pm_all.py,archive/p1/kernel_v330c_pm_all.py,bf632f78dc3b40ceacd62f3e3c46dc9806d20b7b1ad2e4513866fb7daa6f0b2e,182828,2026-09-30T05:09:18.671062+08:00
p1/kernel_v331_torchwarm.py,archive/p1/kernel_v331_torchwarm.py,b8d5c35d8da62e1288619688bcabc42a1fcaf8985db81f2577ce02d56750c726,180096,2026-09-30T05:09:18.672193+08:00
p1/kernel_v331b_torchwarm.py,archive/p1/kernel_v331b_torchwarm.py,c1f96b1d8e3755666d6a8b051a39a9d9db0e9d6d614d87f9fed2b66faa603db9,180175,2026-09-30T05:09:18.673426+08:00
p1/kernel_v332_ungated.py,archive/p1/kernel_v332_ungated.py,e53d5652e6fac125d3aa116dd45550583dc4a0590747059e5c50c28c86f51e8d,178606,2026-09-30T05:09:18.674606+08:00
p1/kernel_v334_call2align.py,archive/p1/kernel_v334_call2align.py,4f6673fcd405d0d24bab38a7a7da48bc7dc017185f307cac9597a536929332b5,178643,2026-09-30T05:09:18.675775+08:00
p1/kernel_v334b_align16.py,archive/p1/kernel_v334b_align16.py,ca6cb43da538ee5a4ec11798474d04278c49c828b2ccff530655c6e481e2915c,178643,2026-09-30T05:09:18.676960+08:00
p1/kernel_v334d_e8align.py,archive/p1/kernel_v334d_e8align.py,48f82fee8bf8687446d6fe423dfccaa67d41ebb3e7de608e342c03109813f743,178661,2026-09-30T05:09:18.678085+08:00
p1/kernel_v335_skel.py,archive/p1/kernel_v335_skel.py,a96a9769aa6dcd33b63650d4362c5b0f6a4f918c2f205659d88cee578ff26604,185627,2026-09-30T05:09:18.679365+08:00
p1/kernel_v336_kq.py,archive/p1/kernel_v336_kq.py,d80e09946cf5c0d9e3ebc18401851d1fac63ba90f86aa53401b4fb23b5f5ad27,185643,2026-09-30T05:09:18.680715+08:00
p1/kernel_v336b_kq.py,archive/p1/kernel_v336b_kq.py,5db656b628a306187b7e249d739db20379b5a520cb62032772cd96ffa581fcc0,185702,2026-09-30T05:09:18.681854+08:00
p1/kernel_v337_kq_all.py,archive/p1/kernel_v337_kq_all.py,87e0c4ad343e618c5d9db4c5e1cae68cd6413f088715dc1767aed0ef09087f5f,189867,2026-09-30T05:09:18.682893+08:00
p1/kernel_v337b_kq_all.py,archive/p1/kernel_v337b_kq_all.py,d6dddea9528ec65642f83218b9957e001af4e54a206e462d799e1199ea8a4038,189926,2026-09-30T05:09:18.683895+08:00
p1/kernel_v338_kqfp.py,archive/p1/kernel_v338_kqfp.py,cad02dec1ca4b9545e82c7a80263114393c23d706d9995739ac3053d0561205e,190242,2026-09-30T05:09:18.684967+08:00
p1/kernel_v339_kqinv.py,archive/p1/kernel_v339_kqinv.py,35c408e32bca548613e2ff3afa9083817ca3558b8b395e77964d0939a288e289,190290,2026-09-30T05:09:18.686096+08:00
p1/kernel_v33_route_e256_bk128.py,archive/p1/kernel_v33_route_e256_bk128.py,80b0a47d1fca96a724f8c04033d30128e338c129ccba03b664472fb35b96de94,91158,2026-09-30T05:09:18.687027+08:00
p1/kernel_v340_replay.py,archive/p1/kernel_v340_replay.py,1c3812637d0e2097bc3d6c3b5ee868a639877d500c21dda68641e1ac8c456c1d,191101,2026-09-30T05:09:18.688059+08:00
p1/kernel_v340b_noc2gq.py,archive/p1/kernel_v340b_noc2gq.py,e306f7ece0c510861fb3e0d0020603520583aa0088dd41ce316f9275d0278a59,190892,2026-09-30T05:09:18.689165+08:00
p1/kernel_v340c_metaonly.py,archive/p1/kernel_v340c_metaonly.py,de7a3df512c4ac128901523759746c3d030e6c401a4e69d12246f1dacec66c43,190404,2026-09-30T05:09:18.690393+08:00
p1/kernel_v340d_gq.py,archive/p1/kernel_v340d_gq.py,fb727dd290e0bc96c9c30fe714896e08a03746c846548ef1ab72e39a6f62be99,190765,2026-09-30T05:09:18.691717+08:00
p1/kernel_v340e_rtsort.py,archive/p1/kernel_v340e_rtsort.py,5ea304fc848fffee6f05eab5c2776087c2a0293166283bc798e7cf0c1f339abf,190740,2026-09-30T05:09:18.692932+08:00
p1/kernel_v341_actcache.py,archive/p1/kernel_v341_actcache.py,3e97bdfeece761c93b91754b5c18a369f69f36018e38a8f8121f26d55d94ce3f,190914,2026-09-30T05:09:18.694058+08:00
p1/kernel_v341b_bf16cache.py,archive/p1/kernel_v341b_bf16cache.py,ffe7bc2f3a25b85c07fc3168a16d2ed065239209cc6be29039dde79d7d2e3415,190961,2026-09-30T05:09:18.695159+08:00
p1/kernel_v342_bundle.py,archive/p1/kernel_v342_bundle.py,8f2a92ad8770f4adbe4f4aec9ca31c5f76cc9c414323abb82a6b23c567c01364,190381,2026-09-30T05:09:18.696461+08:00
p1/kernel_v342b_noint.py,archive/p1/kernel_v342b_noint.py,633406cacab83a8273d6a8272984ec1e69a241eb05e58d956041946f8b0dc1d7,190324,2026-09-30T05:09:18.697680+08:00
p1/kernel_v343_bundle3.py,archive/p1/kernel_v343_bundle3.py,0372c79517313742ab4406c6df8d0986c1ce42cd3872519f456599ea06bf6453,190682,2026-09-30T05:09:18.698898+08:00
p1/kernel_v343b_gated.py,archive/p1/kernel_v343b_gated.py,1ea85f6b882d8397f49e1723d8aa18d1acb249c68ab55d8e7467414667a3b36c,190694,2026-09-30T05:09:18.699985+08:00
p1/kernel_v343b_pre39_backup.py,archive/p1/kernel_v343b_pre39_backup.py,1ea85f6b882d8397f49e1723d8aa18d1acb249c68ab55d8e7467414667a3b36c,190694,2026-09-30T05:09:18.701113+08:00
p1/kernel_v344.py,archive/p1/kernel_v344.py,e1f1007dd64f24bd3e938825e581e91905cfac131b26adf6644472be2cfc56be,201753,2026-09-30T05:09:18.702900+08:00
p1/kernel_v345.py,archive/p1/kernel_v345.py,6e3b2c70da7cb3f9e878438f4f001e86d8a8c78351f944ac7f85b25a74bc5a70,202196,2026-09-30T05:09:18.704563+08:00
p1/kernel_v346.py,archive/p1/kernel_v346.py,7dca41b6c84857c744cf462c1b349b0329d731a5a084915ea73fdaac6a25dcce,192724,2026-09-30T05:09:18.706238+08:00
p1/kernel_v347p.py,archive/p1/kernel_v347p.py,904eb2b52a82fcd84c00dd1c8cd953a542be6b7f223a97a7e1c28444edd73711,192599,2026-09-30T05:09:18.707489+08:00
p1/kernel_v347p2.py,archive/p1/kernel_v347p2.py,f1076711bede02bb7dc1c59c051596c796c76ee4f0b98ebe1038ac4c773232b7,192053,2026-09-30T05:09:18.708716+08:00
p1/kernel_v347p3.py,archive/p1/kernel_v347p3.py,48f56a95a5cf5193a3b95139a2a774699afa37faab4245466c0269a66c305aa5,193273,2026-09-30T05:09:18.710117+08:00
p1/kernel_v348.py,archive/p1/kernel_v348.py,caf013c165c347725ac0863bd1912f804270f2ebe362fa1c5504b523eea11115,195807,2026-09-30T05:09:18.711791+08:00
p1/kernel_v348b.py,archive/p1/kernel_v348b.py,dbd0adbeec6f03d1e318ad417b13b0f5a99a372d5593a444d482597b3fb94b46,195827,2026-09-30T05:09:18.713052+08:00
p1/kernel_v349.py,archive/p1/kernel_v349.py,881d795dd5419f37ac5a29b4af84b999b1a5bd750c7ad2f8ad2cd2f4a4623bec,195833,2026-09-30T05:09:18.714344+08:00
p1/kernel_v349_pre40_backup.py,archive/p1/kernel_v349_pre40_backup.py,881d795dd5419f37ac5a29b4af84b999b1a5bd750c7ad2f8ad2cd2f4a4623bec,195833,2026-09-30T05:09:18.715698+08:00
p1/kernel_v34_gather_bh256.py,archive/p1/kernel_v34_gather_bh256.py,62b39f1b9afdf23a6b8e8627351ad869e7c196cc631e537fb2fcd2ba233951ae,90894,2026-09-30T05:09:18.716863+08:00
p1/kernel_v350.py,archive/p1/kernel_v350.py,db02dded133336b3d96a1636c2d4f7e5447bfb6d3725ab2e0edda780e2af7b0b,198232,2026-09-30T05:09:18.718264+08:00
p1/kernel_v350b.py,archive/p1/kernel_v350b.py,7351ce0fcbddf09cda119c2b759e7f44e4fcfe8c5e4ee791bdea1be732f9f3ba,198230,2026-09-30T05:09:18.719527+08:00
p1/kernel_v351.py,archive/p1/kernel_v351.py,2c10db4a8af60589aac8a27b204b1ce45f3646cedc415cce3892a3b7595ccb16,195867,2026-09-30T05:09:18.720769+08:00
p1/kernel_v352.py,archive/p1/kernel_v352.py,07ac6fd652111dfe72ec5b9bde442a5e7229e95de432cc3e7acc73dc57f3bf1f,195832,2026-09-30T05:09:18.722185+08:00
p1/kernel_v352b.py,archive/p1/kernel_v352b.py,a0a1eda7f2691b5e53f8be36a89536b6da486d04af1875614545c3d8e619ba90,195874,2026-09-30T05:09:18.723556+08:00
p1/kernel_v353.py,archive/p1/kernel_v353.py,d4a23f7972da5df2a42f64c30698614a09edc3a3eada3c14f2335e1dff462f5f,195834,2026-09-30T05:09:18.724997+08:00
p1/kernel_v354.py,archive/p1/kernel_v354.py,623090e0d2b4a9622b2f4ed5fd80c56deacccb90cd625deec798ef990399adce,196199,2026-09-30T05:09:18.726467+08:00
p1/kernel_v355.py,archive/p1/kernel_v355.py,260bbc8af271d49e266acd927ea828f1fac76de5d04c825876adfdc68af37193,195833,2026-09-30T05:09:18.727905+08:00
p1/kernel_v355_pre41_backup.py,archive/p1/kernel_v355_pre41_backup.py,260bbc8af271d49e266acd927ea828f1fac76de5d04c825876adfdc68af37193,195833,2026-09-30T05:09:18.729135+08:00
p1/kernel_v356.py,archive/p1/kernel_v356.py,421436f7cb8a17958fa84ac25086d0f6416154ef40256917ca793a2c3ee352b0,195846,2026-09-30T05:09:18.730246+08:00
p1/kernel_v357.py,archive/p1/kernel_v357.py,fc8ee316b24c2e3e453ff2e1fc3cbd776d64971e78b37cf4e92649dd9e100247,195853,2026-09-30T05:09:18.731435+08:00
p1/kernel_v358.py,archive/p1/kernel_v358.py,94520357daab3b373ee25a5d24a27d0000d7b9d1aee0cabcc7157c2933fc7d3d,195868,2026-09-30T05:09:18.732570+08:00
p1/kernel_v359.py,archive/p1/kernel_v359.py,1f08d7ef4c1c29abf55060045450bb89804467e8441d4efb0d599e48ceed76da,195843,2026-09-30T05:09:18.733638+08:00
p1/kernel_v35_bt_fixed.py,archive/p1/kernel_v35_bt_fixed.py,f79ede343e0074d64798f13d1393dbe1010854b5e56c5939086406b15e1f52ef,90949,2026-09-30T05:09:18.734583+08:00
p1/kernel_v360.py,archive/p1/kernel_v360.py,7aabe00ae8e440071a0f87f96afd5c7fb0017451c9c6704ecae6fe269e11dfe0,195920,2026-09-30T05:09:18.735672+08:00
p1/kernel_v361.py,archive/p1/kernel_v361.py,f8e91007dc139aec10355208bd608a1d36ef68fda6e0d1fe79eea5fc74deb483,195881,2026-09-30T05:09:18.736857+08:00
p1/kernel_v361b.py,archive/p1/kernel_v361b.py,a23539d597687460f87338cf5159537362ad97ce825a13c10bb91657dbbf7780,195880,2026-09-30T05:09:18.738060+08:00
p1/kernel_v362.py,archive/p1/kernel_v362.py,52dc3fffa9d31cdefe552964df7936b9f56e0566c975005cfb1c5dbe6adc9ed1,195821,2026-09-30T05:09:18.739262+08:00
p1/kernel_v363.py,archive/p1/kernel_v363.py,9c33c7d567159868dd8baf36f980368a364e8d99306aea507e2aeed67c6fff98,196912,2026-09-30T05:09:18.740606+08:00
p1/kernel_v364.py,archive/p1/kernel_v364.py,2721aec4bdf8798e0570b081848e36646048328edad32bb4cd3c40e09d28ac0b,195813,2026-09-30T05:09:18.741787+08:00
p1/kernel_v365.py,archive/p1/kernel_v365.py,771d38446d5fbed08388b67414f8450da575434ae280fa3d65248691455ec68f,195852,2026-09-30T05:09:18.743023+08:00
p1/kernel_v366.py,archive/p1/kernel_v366.py,7839ec7cfed4e32ee7a5f4f1ab5c6cbe1688649b5fa3cb02bf99abbfae2a74e6,195781,2026-09-30T05:09:18.744299+08:00
p1/kernel_v366_pre42_backup.py,archive/p1/kernel_v366_pre42_backup.py,7839ec7cfed4e32ee7a5f4f1ab5c6cbe1688649b5fa3cb02bf99abbfae2a74e6,195781,2026-09-30T05:09:18.745373+08:00
p1/kernel_v367.py,archive/p1/kernel_v367.py,a9878e01bf699b2d344e606924387ac9bc5263b01bb0f7ba34f0df8b21261a39,197101,2026-09-30T05:09:18.746417+08:00
p1/kernel_v367b.py,archive/p1/kernel_v367b.py,7fd9acc13fb881fbb1b4bfa20c5b1148376028b7f441333ef5f06a6449ee0f16,197278,2026-09-30T05:09:18.747617+08:00
p1/kernel_v368.py,archive/p1/kernel_v368.py,c57a41e20b77984203771277fafcd2134e475b023be71c85adec5d95b9fc5969,195805,2026-09-30T05:09:18.748910+08:00
p1/kernel_v369.py,archive/p1/kernel_v369.py,ea69f939a23939ed63fab88064b2d54dae493c4427f73702f105962ef1b79c72,198858,2026-09-30T05:09:18.750106+08:00
p1/kernel_v369b.py,archive/p1/kernel_v369b.py,64d7b4f75e314e5bcfe4334b53aa4f98a248f074fa7d3e32bbd409896ab3db9d,198858,2026-09-30T05:09:18.751286+08:00
p1/kernel_v36_gather_w4.py,archive/p1/kernel_v36_gather_w4.py,72b60f57c072547e21bc3e15c92d8335e1b3890b6685f08019c8f60e949049c1,90894,2026-09-30T05:09:18.752500+08:00
p1/kernel_v370.py,archive/p1/kernel_v370.py,8c70da0508ca2f92626b43755f400a366ba245ed5a1e420a7a2e3e674db47bce,200099,2026-09-30T05:09:18.753620+08:00
p1/kernel_v371.py,archive/p1/kernel_v371.py,950554a0dc6018d69d2bba59362e84726fd45b389d2de62eb333129a9d637a19,199121,2026-09-30T05:09:18.755090+08:00
p1/kernel_v371b.py,archive/p1/kernel_v371b.py,837b29ec248d022ec834f66f84f67a168858210f99e52e3b70915a3460f51b00,199069,2026-09-30T05:09:18.756250+08:00
p1/kernel_v372.py,archive/p1/kernel_v372.py,01d1e53833a1ad85235e00f556348276947712e61fc6f8322520d33e19e0ee22,195965,2026-09-30T05:09:18.757357+08:00
p1/kernel_v373.py,archive/p1/kernel_v373.py,b11561ebaf2772f7bb0446379f5664914e490df78754d1a6aa756ae3b3e638a8,196287,2026-09-30T05:09:18.758399+08:00
p1/kernel_v374.py,archive/p1/kernel_v374.py,4d8e7ca6bd7210484959a17bf00f91d517bb78be7aa05d02d284e84327640914,196908,2026-09-30T05:09:18.759550+08:00
p1/kernel_v375.py,archive/p1/kernel_v375.py,d872a4f55333601892d7a22f4e2dcb7d7aeba95f6e784d7b9e0174cf5f3157ef,196955,2026-09-30T05:09:18.760763+08:00
p1/kernel_v376.py,archive/p1/kernel_v376.py,c756175f2a70bb86ebb2056d131db19f689de427ed1a961df4aa52294684b8be,196808,2026-09-30T05:09:18.761891+08:00
p1/kernel_v377.py,archive/p1/kernel_v377.py,5d94460098f484d30b699c9d8957187eaf4070d61da94a516a5f70ea82c93db5,197910,2026-09-30T05:09:18.763077+08:00
p1/kernel_v378.py,archive/p1/kernel_v378.py,0e44f37a76ff092c75086b1922c87e695b7ab9b15af6871e974e887fa752feeb,196970,2026-09-30T05:09:18.764178+08:00
p1/kernel_v378_pre_backup.py,archive/p1/kernel_v378_pre_backup.py,4d8e7ca6bd7210484959a17bf00f91d517bb78be7aa05d02d284e84327640914,196908,2026-09-30T05:09:18.765452+08:00
p1/kernel_v379.py,archive/p1/kernel_v379.py,865265c8a372c52e586f789aebb5a1042df48375a5a9707a3f3a09ff3c17cb35,196934,2026-09-30T05:09:18.766553+08:00
p1/kernel_v37_case2_gateup_bm64.py,archive/p1/kernel_v37_case2_gateup_bm64.py,a9d171d318ef14b98f54c892bfef2792af6b62aff19a6fecdc5127633fd89b75,91867,2026-09-30T05:09:18.767508+08:00
p1/kernel_v380.py,archive/p1/kernel_v380.py,b305024d091948af662be3af4469494d5ee4ae2665ef44aa8ab1dc761c5bd71a,196894,2026-09-30T05:09:18.768774+08:00
p1/kernel_v381.py,archive/p1/kernel_v381.py,d333e5ddae3ec01d8ccaabc22d2ce1a27d27559bc9960cf9e879b61357f63331,196970,2026-09-30T05:09:18.770025+08:00
p1/kernel_v382.py,archive/p1/kernel_v382.py,2ac8ef2e850174e0a608b7c70648795169c55f30b4d5f8d4c3f82c82ea51e550,196970,2026-09-30T05:09:18.771345+08:00
p1/kernel_v382_pre_backup.py,archive/p1/kernel_v382_pre_backup.py,0e44f37a76ff092c75086b1922c87e695b7ab9b15af6871e974e887fa752feeb,196970,2026-09-30T05:09:18.772521+08:00
p1/kernel_v383.py,archive/p1/kernel_v383.py,fe20d918b06260d6748a4cca3dfd87dab98d0d4c5619f91b79a8e1001291d8ca,196970,2026-09-30T05:09:18.773581+08:00
p1/kernel_v384.py,archive/p1/kernel_v384.py,88d3144721b6f497e2c566e7a52f624251949de5059408426b84f594cb3a2ef8,196970,2026-09-30T05:09:18.774866+08:00
p1/kernel_v385.py,archive/p1/kernel_v385.py,80faeaaf282573522d59aa11e8336f8a7e865565cf4edd92eb5d8b2cd5f6f14a,197050,2026-09-30T05:09:18.776065+08:00
p1/kernel_v386.py,archive/p1/kernel_v386.py,650499440ea99459dd51e0741e039eaa3c074753c0e1b2aaba84c88c6bae6938,197668,2026-09-30T05:09:18.777172+08:00
p1/kernel_v387.py,archive/p1/kernel_v387.py,b12b8a5d9e94c66e02337ad533d87acd0a2d529544e7c3cc7a00a9d8eae7fd07,197666,2026-09-30T05:09:18.778349+08:00
p1/kernel_v388.py,archive/p1/kernel_v388.py,039cf2ff67c2bf3de47f064a1afcdcdb4a89860d6e9e5fa0bd7db3452c4ffd6f,196953,2026-09-30T05:09:18.779530+08:00
p1/kernel_v388_pre_backup.py,archive/p1/kernel_v388_pre_backup.py,2ac8ef2e850174e0a608b7c70648795169c55f30b4d5f8d4c3f82c82ea51e550,196970,2026-09-30T05:09:18.780723+08:00
p1/kernel_v389.py,archive/p1/kernel_v389.py,ab1e9e9e08ba4f10192baf47f8daf99e5ec50e1d4621763258d6d614b2d9c745,196980,2026-09-30T05:09:18.781823+08:00
p1/kernel_v38_swiglu_w16.py,archive/p1/kernel_v38_swiglu_w16.py,4ace6adf55ca1ae399ddba15f29d3a821ebbe23fc11f0748d7e7841a11b13303,90896,2026-09-30T05:09:18.782777+08:00
p1/kernel_v390.py,archive/p1/kernel_v390.py,631242b63522fe0eb02ff8a094bfa1408a59b32459b8f2625cbb5aa19b9c6cc7,196963,2026-09-30T05:09:18.783837+08:00
p1/kernel_v391.py,archive/p1/kernel_v391.py,baa865c36b453d3a685698758c5c259adbdac95d7cfed4305de7a042de27f570,197010,2026-09-30T05:09:18.784857+08:00
p1/kernel_v392.py,archive/p1/kernel_v392.py,3565de5e340a2b281314f299bb7da24119dfce92b784b2c10ebda1fefa4b9fe0,197204,2026-09-30T05:09:18.785979+08:00
p1/kernel_v393.py,archive/p1/kernel_v393.py,714ce423cbad493609dbc4daed956b2bf31a64db23ccdc6a943d6cf815895ba0,196938,2026-09-30T05:09:18.787137+08:00
p1/kernel_v394.py,archive/p1/kernel_v394.py,78be0e75ec6004bcdadd5d8cb32ef16720c0f246cd9debb3d0ed3fd92b1124b7,196953,2026-09-30T05:09:18.788387+08:00
p1/kernel_v395.py,archive/p1/kernel_v395.py,2b3284554a4f2a07f49c9ec88ac1e799c59ce454873a6eb07513a40b29940bd6,197252,2026-09-30T05:09:18.789683+08:00
p1/kernel_v396.py,archive/p1/kernel_v396.py,d71baddc2d85571e000f39916b67835f2653195160f018e66d632aa0875b09f8,197347,2026-09-30T05:09:18.790865+08:00
p1/kernel_v396b.py,archive/p1/kernel_v396b.py,085d4cc11e289a6a3f3af5a52bd23e4cca375d45daa028284cf67242b83f3d81,197456,2026-09-30T05:09:18.792062+08:00
p1/kernel_v399.py,archive/p1/kernel_v399.py,eca9a28ce3f7a96908c0293deb4bb05e13ebee5cb0b6dfab373e564c74f30fb5,198450,2026-09-30T05:09:18.793245+08:00
p1/kernel_v39_route_e256_bm64bk128.py,archive/p1/kernel_v39_route_e256_bm64bk128.py,e1189e71b31255f71c85c76e54c33a023c3f7825f2cd7e4440516b1f8d9a4d82,91437,2026-09-30T05:09:18.794243+08:00
p1/kernel_v400.py,archive/p1/kernel_v400.py,eb7f49fd9fbdd27ab3e39a4cc7127ba72bbfd122cd08616d032ce1cacbbe27ff,198394,2026-09-30T05:09:18.795367+08:00
p1/kernel_v401.py,archive/p1/kernel_v401.py,2d3eeff826f5bba013122138af2f535b4ae8bbed4f93edc227371df3a43b797a,198479,2026-09-30T05:09:18.796439+08:00
p1/kernel_v401f.py,archive/p1/kernel_v401f.py,78cdd6fc99c7f0aac607e4af71f66b45416fc094409ade2f13b082b407d71915,198943,2026-09-30T05:09:18.797600+08:00
p1/kernel_v402.py,archive/p1/kernel_v402.py,b97aa8e70a084c38623180ee2b8b5d9d71f6958dafcc1ea67ef4bee267883fd3,198592,2026-09-30T05:09:18.798781+08:00
p1/kernel_v402b.py,archive/p1/kernel_v402b.py,180b3d596ab6cad688d02903af4d1262b73e9461044dd4a57ff0703e1a03f5f0,197431,2026-09-30T05:09:18.799844+08:00
p1/kernel_v404.py,archive/p1/kernel_v404.py,2fac80e6457ff5d38e11b3a6f12ba3b0529aa536957d0826e087b5a85b596dec,197492,2026-09-30T05:09:18.801180+08:00
p1/kernel_v405.py,archive/p1/kernel_v405.py,0c176e1ad2ad75e20dd26496aecedb31d4831e4f1ee04dc2c955f17d15ada468,198500,2026-09-30T05:09:18.802972+08:00
p1/kernel_v405f.py,archive/p1/kernel_v405f.py,52f8ff4b1840d022e92a407b179baecd5aea0fa37797cd704256458b2208c177,198964,2026-09-30T05:09:18.804313+08:00
p1/kernel_v408.py,archive/p1/kernel_v408.py,adfb64df53e9dae695875e5650807a9c57a84bce84309f5ce5079f895b367035,197054,2026-09-30T05:09:18.805720+08:00
p1/kernel_v408_pre_backup.py,archive/p1/kernel_v408_pre_backup.py,039cf2ff67c2bf3de47f064a1afcdcdb4a89860d6e9e5fa0bd7db3452c4ffd6f,196953,2026-09-30T05:09:18.806922+08:00
p1/kernel_v409.py,archive/p1/kernel_v409.py,ad75871bcf4a2e521c2ca34b5caee6d3eaf6c37306916778a4fdddf987d9b01f,197335,2026-09-30T05:09:18.808077+08:00
p1/kernel_v40_down_bn128_h1024.py,archive/p1/kernel_v40_down_bn128_h1024.py,db32a9c855caf91a5a0f150599cb9c92e23192953119c455d8bf36803495b574,91832,2026-09-30T05:09:18.809069+08:00
p1/kernel_v410.py,archive/p1/kernel_v410.py,0b13d2c2ba04d236d8735bc347694a57b08713ed117e7a08e7e0d87e4bf3161f,200431,2026-09-30T05:09:18.810190+08:00
p1/kernel_v411.py,archive/p1/kernel_v411.py,b5640b166515cf13f0ac875a1445b1d9b5d2f47c57f4aeb671183cf5098d8340,197256,2026-09-30T05:09:18.811368+08:00
p1/kernel_v413.py,archive/p1/kernel_v413.py,57bc7e4f4967bc07ee209bd7a35bf30b2c15c87fa8d0ae743cb5b7ab8e803db4,197054,2026-09-30T05:09:18.812581+08:00
p1/kernel_v414.py,archive/p1/kernel_v414.py,af63a8ccd4e1d254ef8f38560a82eba4d1a2b76060e1c563356c7417fca85506,197054,2026-09-30T05:09:18.813772+08:00
p1/kernel_v415.py,archive/p1/kernel_v415.py,79cbe5c732278351a7df3dfdb55804a6edb47c3bb05640aff2284d14eceef1fc,197156,2026-09-30T05:09:18.815153+08:00
p1/kernel_v415_pre_backup.py,archive/p1/kernel_v415_pre_backup.py,adfb64df53e9dae695875e5650807a9c57a84bce84309f5ce5079f895b367035,197054,2026-09-30T05:09:18.816357+08:00
p1/kernel_v416.py,archive/p1/kernel_v416.py,ad5e1da3619b9580a2df6000d579614f8b42d851744a5bf38f9996e111d8b8f0,197054,2026-09-30T05:09:18.817793+08:00
p1/kernel_v417.py,archive/p1/kernel_v417.py,da4bc7eec4a3c87959ed482370603050d9bdb8700a8f94b8542dbd575a22bcb5,197258,2026-09-30T05:09:18.819092+08:00
p1/kernel_v418.py,archive/p1/kernel_v418.py,08896b492e86f3e7fb18c49489ddc52eeaf99218ad0452537d0a3f80446c4c7b,197156,2026-09-30T05:09:18.820627+08:00
p1/kernel_v420.py,archive/p1/kernel_v420.py,2a0a7eb3efbcc9cc1ed96e11cb555b762a3ba8c8052a55ebef5caa1629fcecea,197218,2026-09-30T05:09:18.821730+08:00
p1/kernel_v421.py,archive/p1/kernel_v421.py,8e4640edf65cec8fdd5670e344fdf5acf938c194b44d26b3b0c8569e36cd5703,197156,2026-09-30T05:09:18.822962+08:00
p1/kernel_v421_pre_backup.py,archive/p1/kernel_v421_pre_backup.py,79cbe5c732278351a7df3dfdb55804a6edb47c3bb05640aff2284d14eceef1fc,197156,2026-09-30T05:09:18.824156+08:00
p1/kernel_v422.py,archive/p1/kernel_v422.py,c18f3e41573f5aea2a28c4f3150a74ce2d7684612b210d454479efa7381eaa3b,197306,2026-09-30T05:09:18.825232+08:00
p1/kernel_v423.py,archive/p1/kernel_v423.py,0a47d713261094865d4292c9cfcd98849d87764a9012a6594c03b21b9a4efd76,197204,2026-09-30T05:09:18.826435+08:00
p1/kernel_v424.py,archive/p1/kernel_v424.py,75998e894e78d12468592d669f1abe4f1f4d1193331b5da034418e67038c739a,197258,2026-09-30T05:09:18.827539+08:00
p1/kernel_v425.py,archive/p1/kernel_v425.py,864517877f6dbcef0823c7e05b7d15005a7e8b79be2ce9bf65aae5a639eaa059,197306,2026-09-30T05:09:18.828597+08:00
p1/kernel_v425_pre_backup.py,archive/p1/kernel_v425_pre_backup.py,8e4640edf65cec8fdd5670e344fdf5acf938c194b44d26b3b0c8569e36cd5703,197156,2026-09-30T05:09:18.829782+08:00
p1/kernel_v426.py,archive/p1/kernel_v426.py,df9f64f0b9bcce9c5d78eccc02c9482c83bbd4c2ba4d9c71a51957a573bdb0cd,197199,2026-09-30T05:09:18.830867+08:00
p1/kernel_v427.py,archive/p1/kernel_v427.py,30771960e2ff9ea9ad718d1709fbeaebec7b829d0bc98db48e932909a4bea163,197135,2026-09-30T05:09:18.831985+08:00
p1/kernel_v428.py,archive/p1/kernel_v428.py,e11a9572ef48d6c3c370f58614ce7f08c914a9b934b643a90477f99d3e73c311,197285,2026-09-30T05:09:18.833121+08:00
p1/kernel_v428_pre_backup.py,archive/p1/kernel_v428_pre_backup.py,864517877f6dbcef0823c7e05b7d15005a7e8b79be2ce9bf65aae5a639eaa059,197306,2026-09-30T05:09:18.834264+08:00
p1/kernel_v429.py,archive/p1/kernel_v429.py,be7ce6e8420000143ed8cf637da12de0021754a4d4223babe6a9e14012ad289d,197349,2026-09-30T05:09:18.835472+08:00
p1/kernel_v42_case2_fused_bn64.py,archive/p1/kernel_v42_case2_fused_bn64.py,6b4c25ccd1d2a875930b0cb6700447af2c76f5a71c029ae5649e95aec19f698a,92140,2026-09-30T05:09:18.836463+08:00
p1/kernel_v430.py,archive/p1/kernel_v430.py,0e5f53327022b8df7726ae418da1a7e0b3ee317609591b62613466bc45e325ef,197337,2026-09-30T05:09:18.837628+08:00
p1/kernel_v431.py,archive/p1/kernel_v431.py,27c45b18ffe05531cf78273e90603fad6ae0df26ed4856944d581f0360c1dbde,197368,2026-09-30T05:09:18.838849+08:00
p1/kernel_v432.py,archive/p1/kernel_v432.py,5a04bb093c57bf7af0aebd2a96796d9e399cf5b7d09b70ded471ae85607f0b70,197347,2026-09-30T05:09:18.839901+08:00
p1/kernel_v434.py,archive/p1/kernel_v434.py,519ab8986dbb05bf03d2f9ae5c3dedbfc73a16ea4971bd2262357fbad86991af,197354,2026-09-30T05:09:18.841025+08:00
p1/kernel_v435.py,archive/p1/kernel_v435.py,7a45c08e55eeddb5e4afa59d70d01cbb57afb8b95d3e376df57c25438798654e,197354,2026-09-30T05:09:18.842137+08:00
p1/kernel_v436.py,archive/p1/kernel_v436.py,893d3f091b6183736212a2ddf741d6966a0452ae0d5f709a44a9af7c46d84529,197385,2026-09-30T05:09:18.843197+08:00
p1/kernel_v437.py,archive/p1/kernel_v437.py,68a5f8fe257e556778a58a785cc52ace14b1cc7389e1a0904db73f981ca210f1,197328,2026-09-30T05:09:18.844618+08:00
p1/kernel_v438.py,archive/p1/kernel_v438.py,ca87b1f585fceb0a448fd49b735abc8624809fe874276d0609c3f7e26dffa760,197398,2026-09-30T05:09:18.845996+08:00
p1/kernel_v43_swiglu_w4.py,archive/p1/kernel_v43_swiglu_w4.py,1960f8a0633d78d5fb817ba749676c6ee6a75a44f2d14fcf55696d00f6f77e60,90894,2026-09-30T05:09:18.847180+08:00
p1/kernel_v440.py,archive/p1/kernel_v440.py,58057142bf24fd691acc8848679c45e1dc03b1a63af25f2402fb1d751f17bd09,197305,2026-09-30T05:09:18.848420+08:00
p1/kernel_v444.py,archive/p1/kernel_v444.py,071e69d968db49afa0f71f81c21fa7476bcf2b26d103e1d57d0a447a933e15e3,197307,2026-09-30T05:09:18.849488+08:00
p1/kernel_v445.py,archive/p1/kernel_v445.py,ee86d3907675bcb2ea94c127ff521519dc5ebfa7f1f79326c39e06e139aaac4b,197305,2026-09-30T05:09:18.850600+08:00
p1/kernel_v446.py,archive/p1/kernel_v446.py,45503600fa965815267dd7eee8a0ff4977683a1995b9a2ad61a1be9e4f09f1ed,197287,2026-09-30T05:09:18.851826+08:00
p1/kernel_v447.py,archive/p1/kernel_v447.py,7faa0738074d6b699959abbebb114e882af82df34b407eb5428ff569c34a7792,197285,2026-09-30T05:09:18.852889+08:00
p1/kernel_v448.py,archive/p1/kernel_v448.py,b4e63855897c128e68615c923cfd4471206903161d9440b0f71d000dc58d3371,197286,2026-09-30T05:09:18.853943+08:00
p1/kernel_v448_pre_backup.py,archive/p1/kernel_v448_pre_backup.py,e11a9572ef48d6c3c370f58614ce7f08c914a9b934b643a90477f99d3e73c311,197285,2026-09-30T05:09:18.855242+08:00
p1/kernel_v449.py,archive/p1/kernel_v449.py,2a8a372245a7f4c32bad48451e63cfe18d44489049464e4dec11e74026e9a6a8,197286,2026-09-30T05:09:18.856425+08:00
p1/kernel_v44_case2_xamax.py,archive/p1/kernel_v44_case2_xamax.py,8ac45d66194f136925b78751bad82014b2bd8479e3d4fd61cbef88e64c29aa24,91411,2026-09-30T05:09:18.857560+08:00
p1/kernel_v450.py,archive/p1/kernel_v450.py,3c23f04b3187865983c8a70c92a425cd8adadf4cc723cc3a32af263d0c3be104,197287,2026-09-30T05:09:18.858814+08:00
p1/kernel_v451.py,archive/p1/kernel_v451.py,ac65844333fbdbf8311804349c3415410cf575339624f5b92d7583c930290096,197287,2026-09-30T05:09:18.860145+08:00
p1/kernel_v451_pre_backup.py,archive/p1/kernel_v451_pre_backup.py,b4e63855897c128e68615c923cfd4471206903161d9440b0f71d000dc58d3371,197286,2026-09-30T05:09:18.861458+08:00
p1/kernel_v452.py,archive/p1/kernel_v452.py,10f5743fd4c95624db49168a3490ebeb06f1e5884eac0345b5f1bd232cca2a2f,197287,2026-09-30T05:09:18.862678+08:00
p1/kernel_v453.py,archive/p1/kernel_v453.py,3c23f04b3187865983c8a70c92a425cd8adadf4cc723cc3a32af263d0c3be104,197287,2026-09-30T05:09:18.863997+08:00
p1/kernel_v454.py,archive/p1/kernel_v454.py,18f1480576e461d3f91fc0bb166e7058c866695482ccfb107ca3604fb53b9b3b,197288,2026-09-30T05:09:18.865252+08:00
p1/kernel_v455.py,archive/p1/kernel_v455.py,308f0c45403ff3500b8a471685cc7a20a8329baa2fa4ab875c5a2e98b130f709,197400,2026-09-30T05:09:18.866487+08:00
p1/kernel_v456.py,archive/p1/kernel_v456.py,786478eded54c46b46eb34b9056dfee23a815164513646bf85e1653421bfbc3d,197157,2026-09-30T05:09:18.867680+08:00
p1/kernel_v457.py,archive/p1/kernel_v457.py,f7e5de7593cf6993759c3237c089032611157d09894364568b96a8bd4c80efb8,197196,2026-09-30T05:09:18.868815+08:00
p1/kernel_v458.py,archive/p1/kernel_v458.py,0bfdfe45993c70a8ad079454ac9f31a5c0d317626fe7279d89355c93398612a0,197287,2026-09-30T05:09:18.869957+08:00
p1/kernel_v459.py,archive/p1/kernel_v459.py,0721f93166835d803c10e2e7e1592a9fb409b24665ef244b94f481a6266eca30,197287,2026-09-30T05:09:18.871109+08:00
p1/kernel_v460.py,archive/p1/kernel_v460.py,cfde8b1786cb8720eca3e52748143a191e1537e2d1ff99b6b3ee151a2e5ca97c,197453,2026-09-30T05:09:18.872152+08:00
p1/kernel_v461.py,archive/p1/kernel_v461.py,3ebb0962dfd8bf9d205e6b7d2b4de73b991f29841ac70125dea64f8b8867e46a,197287,2026-09-30T05:09:18.873418+08:00
p1/kernel_v462.py,archive/p1/kernel_v462.py,dc1c0d529f0eb9ffcdb6977522dd6b2a78cacd4828738c4c3de3871e7b493e52,197285,2026-09-30T05:09:18.874474+08:00
p1/kernel_v463.py,archive/p1/kernel_v463.py,9127a3878db98b304beb9ddfacf85736c4878cc1a185fa62c2b60297caf7066c,197287,2026-09-30T05:09:18.875526+08:00
p1/kernel_v463_pre_backup.py,archive/p1/kernel_v463_pre_backup.py,ac65844333fbdbf8311804349c3415410cf575339624f5b92d7583c930290096,197287,2026-09-30T05:09:18.876770+08:00
p1/kernel_v464.py,archive/p1/kernel_v464.py,6565b1f3e232ccbd6e4ac9105b65f1adeeebe3b3afb913e7e39aa8a6bba56578,197285,2026-09-30T05:09:18.878049+08:00
p1/kernel_v465.py,archive/p1/kernel_v465.py,be00cdb6b44972f6e0905a47387ac8573fd8fa00e1235bd89ee3a48869036765,197285,2026-09-30T05:09:18.879610+08:00
p1/kernel_v466.py,archive/p1/kernel_v466.py,ed9551bb0d33c470ccbc1889b764bf8aaaf9704df143e23ced14c70f4fe895f3,197287,2026-09-30T05:09:18.880693+08:00
p1/kernel_v467.py,archive/p1/kernel_v467.py,afb55f4790c9bb26aa5d989e3693fadcd5880264393bbeb6360b529bb6cc11ce,197287,2026-09-30T05:09:18.881880+08:00
p1/kernel_v468.py,archive/p1/kernel_v468.py,3072026dd8a345d0d87a1a9b09040aeb381633d758b027d712b4ad27d9c013ce,197288,2026-09-30T05:09:18.882929+08:00
p1/kernel_v469.py,archive/p1/kernel_v469.py,4ee0db8bb9a4ba80f3853ee089d47b9d254259dbeec32f0d15cb708d93155d97,197263,2026-09-30T05:09:18.883968+08:00
p1/kernel_v46_gather_noamax_xamax.py,archive/p1/kernel_v46_gather_noamax_xamax.py,14be1b07644131bc6d3c63011b18ac03a9e5c6fe6ba0cbda732b116da4c5c274,92399,2026-09-30T05:09:18.885020+08:00
p1/kernel_v470.py,archive/p1/kernel_v470.py,8ec8d8fdc94e9012f3cab754a688793445a129dc1ae520078a605db0219fa89a,197244,2026-09-30T05:09:18.886184+08:00
p1/kernel_v470_pre_backup.py,archive/p1/kernel_v470_pre_backup.py,ac65844333fbdbf8311804349c3415410cf575339624f5b92d7583c930290096,197287,2026-09-30T05:09:18.887359+08:00
p1/kernel_v471.py,archive/p1/kernel_v471.py,0cc860244e796a1aad59646f4e7e32093edb118e5cbb68b13ebcf4e6f1071446,206123,2026-09-30T05:09:18.888418+08:00
p1/kernel_v472.py,archive/p1/kernel_v472.py,8fd0a12b83af7fe10f4bf46b7221c514da680c7fc2a58f1d8166cc116d4205b3,206519,2026-09-30T05:09:18.889822+08:00
p1/kernel_v473.py,archive/p1/kernel_v473.py,9fcbd8e08e3cfb609c5246dbbe738bc29977cdbaa392d28dcd10049bad8d570c,197834,2026-09-30T05:09:18.891097+08:00
p1/kernel_v475.py,archive/p1/kernel_v475.py,bfe8d05e31685d0eb413db5bbbe74a4139d79cba8c3efe1c464c72bf0942bc6c,197245,2026-09-30T05:09:18.892272+08:00
p1/kernel_v476.py,archive/p1/kernel_v476.py,ed028730517ecf6ee2f9a7ccd2903792c1cfb68e4b05cd1e80d59377344cfabe,204152,2026-09-30T05:09:18.893486+08:00
p1/kernel_v476_pre_backup.py,archive/p1/kernel_v476_pre_backup.py,8ec8d8fdc94e9012f3cab754a688793445a129dc1ae520078a605db0219fa89a,197244,2026-09-30T05:09:18.894633+08:00
p1/kernel_v478.py,archive/p1/kernel_v478.py,5fde6468264d9853c4cbaadb2a5a7d1ad44b4a584f1e285d636941b07502766f,198453,2026-09-30T05:09:18.895879+08:00
p1/kernel_v47_case2_down_nonpersistent.py,archive/p1/kernel_v47_case2_down_nonpersistent.py,efef6cc0ef0c504732b92cdc49afdf52be8b1fc2015e65ddacadd6cdd5f3200c,91913,2026-09-30T05:09:18.896839+08:00
p1/kernel_v480.py,archive/p1/kernel_v480.py,a2449264a2f88fbdbd4d58c861280abd38cd6185f9b4f8683f6641079286dea2,197244,2026-09-30T05:09:18.898036+08:00
p1/kernel_v481.py,archive/p1/kernel_v481.py,0fca81b48de00ae0d211198286b80b285b7a2be0cc2c59547bfbb2f69a5cb7cf,198559,2026-09-30T05:09:18.899230+08:00
p1/kernel_v482.py,archive/p1/kernel_v482.py,1921e71035f0d4a086d6f4dc8caf3fa486250ec45a95050c47c45f884cdac1c5,205328,2026-09-30T05:09:18.900261+08:00
p1/kernel_v483.py,archive/p1/kernel_v483.py,8007b261d1a89cc85d4f69f8afd0350129081d96721fa3402a4e7dbf9234c821,204152,2026-09-30T05:09:18.901458+08:00
p1/kernel_v484.py,archive/p1/kernel_v484.py,51583d0723edb97a43f4ee6d69ce21ee14e1d54ac46f7a3067913fb1d9eddc53,204161,2026-09-30T05:09:18.902716+08:00
p1/kernel_v485.py,archive/p1/kernel_v485.py,4ec404dfbf44dcd17de4d81d6354b1e72ab21947d60fda1c0bae94d5a6128aac,204505,2026-09-30T05:09:18.903815+08:00
p1/kernel_v485_pre_backup.py,archive/p1/kernel_v485_pre_backup.py,ed028730517ecf6ee2f9a7ccd2903792c1cfb68e4b05cd1e80d59377344cfabe,204152,2026-09-30T05:09:18.905470+08:00
p1/kernel_v486.py,archive/p1/kernel_v486.py,30bd5617fcc468ba644293c6aa0234758302dd211648cfbd092366ae28569bc4,205710,2026-09-30T05:09:18.906599+08:00
p1/kernel_v487.py,archive/p1/kernel_v487.py,0d6b04137bd5179253bb1b646c652c2916f93b7217e2b7d057e3fa8ed4968d78,205489,2026-09-30T05:09:18.907880+08:00
p1/kernel_v488.py,archive/p1/kernel_v488.py,78c85b5a1d7b29bca5fee6299b18566ad7d4430e6c65508c5c26929ebe2f62ce,204765,2026-09-30T05:09:18.908959+08:00
p1/kernel_v489.py,archive/p1/kernel_v489.py,4ead0e907b3664b3c6c6c07b5dfe7e4dc945c1657439639b7954dd2caf8eed42,207988,2026-09-30T05:09:18.911328+08:00
p1/kernel_v489_pre_backup.py,archive/p1/kernel_v489_pre_backup.py,4ec404dfbf44dcd17de4d81d6354b1e72ab21947d60fda1c0bae94d5a6128aac,204505,2026-09-30T05:09:18.912539+08:00
p1/kernel_v48_case2_gateup_gm4.py,archive/p1/kernel_v48_case2_gateup_gm4.py,a27b8653eb263b0b27a313881ca14baf25545db947e725d0b4782a3a833a245f,91866,2026-09-30T05:09:18.913542+08:00
p1/kernel_v490.py,archive/p1/kernel_v490.py,430f462a805e2e2eebc7992bf2c9e44e0ebe35217da331bb9dad1fefcfce79cf,209380,2026-09-30T05:09:18.914615+08:00
p1/kernel_v491.py,archive/p1/kernel_v491.py,7f80b0e37b78c0bf53763f8e32752ab10afe2bad1575bffd6b2b5ac1bb4d2ffd,209380,2026-09-30T05:09:18.915663+08:00
p1/kernel_v492.py,archive/p1/kernel_v492.py,c0edc0aba6fe16a8aa4f41b328825b85def0c4fcf0e96af5b16c964004c749d4,208284,2026-09-30T05:09:18.916831+08:00
p1/kernel_v493.py,archive/p1/kernel_v493.py,dc5bca12586983ae1be77ca795a42ec66e214f65100fbcdf3e375c8f2bc1f4d9,207986,2026-09-30T05:09:18.917921+08:00
p1/kernel_v494.py,archive/p1/kernel_v494.py,4ffe3e4202a85edc7d61ba3d58760380dfe5a8c9e07edf130584cb41cbadf5e3,207672,2026-09-30T05:09:18.919298+08:00
p1/kernel_v496.py,archive/p1/kernel_v496.py,2c6c80626d58eaf07bafab25898b631f36dad5d06af34916056b2ca4079de093,207659,2026-09-30T05:09:18.920670+08:00
p1/kernel_v497.py,archive/p1/kernel_v497.py,bb2f4558c75655c61d977111b463cd087f44e69cc7ba4bc663c9ce37dacd9ae1,207975,2026-09-30T05:09:18.922063+08:00
p1/kernel_v498.py,archive/p1/kernel_v498.py,d745e02a03aaa894dd3f076866ad92cbe0a64c58d15a1e56923ac32c235c1e7a,208025,2026-09-30T05:09:18.923287+08:00
p1/kernel_v498b.py,archive/p1/kernel_v498b.py,28311aa6d533836eba26efa68e3c0e865cc03f9be95ed45ecfb44104537b2a29,211520,2026-09-30T05:09:18.924750+08:00
p1/kernel_v499.py,archive/p1/kernel_v499.py,1ed214d56e245d1c0ad83e912a046eaab81ab9ec8eabfaee29a5508f669a1884,208035,2026-09-30T05:09:18.926092+08:00
p1/kernel_v49_fused_bm64_meta.py,archive/p1/kernel_v49_fused_bm64_meta.py,021eeee7af3cb3af430f00cbf57199b5905177a6d4a32649463f78a789680c2b,93657,2026-09-30T05:09:18.927156+08:00
p1/kernel_v500.py,archive/p1/kernel_v500.py,d3de68860142ba82edcc6bc2626e9c09df4d1203aff760bccae975467e5dbb7c,209213,2026-09-30T05:09:18.928386+08:00
p1/kernel_v501.py,archive/p1/kernel_v501.py,ae9f03ee1007a7125f60b88af843a528fe491e98bf5602afd382876b866232dc,211483,2026-09-30T05:09:18.929551+08:00
p1/kernel_v501_pre_backup.py,archive/p1/kernel_v501_pre_backup.py,4ead0e907b3664b3c6c6c07b5dfe7e4dc945c1657439639b7954dd2caf8eed42,207988,2026-09-30T05:09:18.930612+08:00
p1/kernel_v502.py,archive/p1/kernel_v502.py,21b430a162d654def6970abe1388b87d054f3985af5df1137197553a52e20e8d,209765,2026-09-30T05:09:18.931918+08:00
p1/kernel_v503.py,archive/p1/kernel_v503.py,bbadc9f2d6d4dabf04955cbf5806d68b7940f82ac0b7f22f48f4b454fa99c3b5,212110,2026-09-30T05:09:18.932961+08:00
p1/kernel_v504.py,archive/p1/kernel_v504.py,7adf536a3abf0a538823ae0135a37be5482727fb335b84355058a4eee1ecbca2,215186,2026-09-30T05:09:18.934158+08:00
p1/kernel_v505.py,archive/p1/kernel_v505.py,d6aabd3015a8c1f8b6f141c5ecaaca69e1c93ba012b67f75919c59bc0df2d3a0,212468,2026-09-30T05:09:18.935356+08:00
p1/kernel_v506.py,archive/p1/kernel_v506.py,851d20b2018c6d718af6869ea4a500b7329cc49eb99bb6a788abdd15446d7d78,211477,2026-09-30T05:09:18.936632+08:00
p1/kernel_v507.py,archive/p1/kernel_v507.py,8ac382588d00ebe1012b95895c7f7db52357c4dc6a1bc054ffd8457fcc970163,211485,2026-09-30T05:09:18.937706+08:00
p1/kernel_v508.py,archive/p1/kernel_v508.py,a27fcc8e5d89e17cd735ae6eed80b28ec7d1ae949c0a0028b25bae9bd1ec9413,216022,2026-09-30T05:09:18.938738+08:00
p1/kernel_v509.py,archive/p1/kernel_v509.py,fe680403be4430ab954dbddc8ab4bc1302e3c12f717a93f34f90915d6abaa663,211483,2026-09-30T05:09:18.939875+08:00
p1/kernel_v50_case2_gather_bm256.py,archive/p1/kernel_v50_case2_gather_bm256.py,ccb517f61d0388b3495946642d9e3145477373a646fb6dee3cc7cb4ab7ffd64a,91414,2026-09-30T05:09:18.940828+08:00
p1/kernel_v510.py,archive/p1/kernel_v510.py,d52279cb7f33588076196d44028f9328c39076099b6350e8e448e0fe939ec35f,211477,2026-09-30T05:09:18.942007+08:00
p1/kernel_v511.py,archive/p1/kernel_v511.py,a5de37a119d765d729272dd31b8323a6055e1960ea997077ec4cd34bcfdbe4a0,211483,2026-09-30T05:09:18.943194+08:00
p1/kernel_v512.py,archive/p1/kernel_v512.py,e9e861d330c9dfac5bdb0291ef15b3af2adca78ab4928b2bd24379c700a3880b,219416,2026-09-30T05:09:18.944410+08:00
p1/kernel_v513.py,archive/p1/kernel_v513.py,ab030131df0d2bd7895c1b093533ffe5e59bac418fc9f70bc40d84b52fa1632e,212326,2026-09-30T05:09:18.945516+08:00
p1/kernel_v514.py,archive/p1/kernel_v514.py,e9a5d5ff16f1faf78df22f0df191b7773f8a5fe0021565826cb67eddf27a747f,212847,2026-09-30T05:09:18.946713+08:00
p1/kernel_v515.py,archive/p1/kernel_v515.py,601a02643e8ca1a51e27c34f186b39d482649bf5272fafe24a3105786f42a8e9,211483,2026-09-30T05:09:18.947912+08:00
p1/kernel_v516.py,archive/p1/kernel_v516.py,e08953cf0884e82738e23fa6229bdc0d8340c5947031677ffebaa6cfad02f579,219182,2026-09-30T05:09:18.949073+08:00
p1/kernel_v517.py,archive/p1/kernel_v517.py,4d39d67cc0a079e4da694dda2ee2e82fccec197595f585546649260c888ee91d,213939,2026-09-30T05:09:18.950306+08:00
p1/kernel_v517a.py,archive/p1/kernel_v517a.py,d5ee5ff7a47b0901a7e84137cb4793e16f902c1a8ec36ebcf6c85335652f11fc,213413,2026-09-30T05:09:18.951558+08:00
p1/kernel_v518.py,archive/p1/kernel_v518.py,8aaea7ce8bcd154feab8c9aa6b30ef0982abcbbae1436f5bbf8d745510a27659,211503,2026-09-30T05:09:18.952738+08:00
p1/kernel_v51_fused_gather_quant.py,archive/p1/kernel_v51_fused_gather_quant.py,e5d0287eb18166b84fd5169e01ac33e5f41be4c9928929cc908dc5bb6f8b50d5,92247,2026-09-30T05:09:18.953698+08:00
p1/kernel_v520.py,archive/p1/kernel_v520.py,483324412c1c15525f37d25d0c44e49cd8af8c092737c8d072e4cc6d5935b239,212123,2026-09-30T05:09:18.954920+08:00
p1/kernel_v521.py,archive/p1/kernel_v521.py,9631954abe83c1ea7a50e4e825f4fcb2db90588aabe0221e4d8731368fa181e8,221264,2026-09-30T05:09:18.956155+08:00
p1/kernel_v522.py,archive/p1/kernel_v522.py,d7b6402c658d936b04de8c2cb78a654af9f53a4a5a6e69e7193706413d02aceb,215010,2026-09-30T05:09:18.957389+08:00
p1/kernel_v523.py,archive/p1/kernel_v523.py,5e1ac400b114d1457a76078a72f2290471acac82a026f363479f28a0e24721f9,221288,2026-09-30T05:09:18.958596+08:00
p1/kernel_v524.py,archive/p1/kernel_v524.py,e680358e35256b4cd9bb9fa9dd0fd0d78d8238f6b2ea91c9d439bb378e9e1bcf,221294,2026-09-30T05:09:18.959811+08:00
p1/kernel_v525.py,archive/p1/kernel_v525.py,b3061e0c373f394e9247bf38edd9dc5e35ddde61021df4da4fd1d52f1a4c733d,212244,2026-09-30T05:09:18.960899+08:00
p1/kernel_v526.py,archive/p1/kernel_v526.py,6ae1787d8a020390a22e5f7d4c6a076bf9dcfa2da86404b18765ea271b2fa4d8,212242,2026-09-30T05:09:18.962010+08:00
p1/kernel_v527.py,archive/p1/kernel_v527.py,77edc979089d7cdcb0a7386282b7b96c7c86ed132b7ec0a8b1d6db2bea9a4c7c,212903,2026-09-30T05:09:18.963202+08:00
p1/kernel_v528.py,archive/p1/kernel_v528.py,90923c90064012fafb2e1005013ef971f531ac71383c7a70afba3fdaadfedab4,214349,2026-09-30T05:09:18.964242+08:00
p1/kernel_v529.py,archive/p1/kernel_v529.py,3a1385c9d5131d560b91438b77f1d4ef5f832f3014b2d2ee4eec9964afc68285,220835,2026-09-30T05:09:18.965441+08:00
p1/kernel_v529d.py,archive/p1/kernel_v529d.py,c87ae6e9a8066c9abfeafb1d1f2407cd28bcb9cc8034996de575acb57f76e9a6,220805,2026-09-30T05:09:18.966764+08:00
p1/kernel_v52_case2_gather_bm256_w4.py,archive/p1/kernel_v52_case2_gather_bm256_w4.py,e0789b3a13d77432ee531ba2d141077b0671c92fad68ef65a844bd2447885d61,91414,2026-09-30T05:09:18.967817+08:00
p1/kernel_v531.py,archive/p1/kernel_v531.py,eefc0df82da9b9609f6493903917308d804afda02008308fb4cded70660b14fb,215589,2026-09-30T05:09:18.969114+08:00
p1/kernel_v532.py,archive/p1/kernel_v532.py,f879bc1f17cca651f6f0fd222237a83fef6f8d78dd832d8a64dec7c4a7aaab77,219621,2026-09-30T05:09:18.970323+08:00
p1/kernel_v533.py,archive/p1/kernel_v533.py,136440266fe816efa7bbd02fd5527bc6be767dd712b6053bc831ed33743b3b22,218284,2026-09-30T05:09:18.971524+08:00
p1/kernel_v534.py,archive/p1/kernel_v534.py,4f12e8a4362e852296a46e4abbe4223214b616178d0003cf4fc02c7dcc3cf45d,216668,2026-09-30T05:09:18.972750+08:00
p1/kernel_v535.py,archive/p1/kernel_v535.py,047f14cf50f7b6db212117147520a750642602e3273da0f0b702d9a299136064,215576,2026-09-30T05:09:18.974051+08:00
p1/kernel_v536.py,archive/p1/kernel_v536.py,cc6ab9dfff8283c70044177bec012b3b4318a18c10a53d83af5cf592c66310d4,219132,2026-09-30T05:09:18.975116+08:00
p1/kernel_v537.py,archive/p1/kernel_v537.py,c98de8f6ab0656388998fa5535c859dabb28c76d84265d40b29925a66abbbbd1,211707,2026-09-30T05:09:18.976280+08:00
p1/kernel_v538.py,archive/p1/kernel_v538.py,bbfc812c02d84167238c04468a958d922f06ad3ac493bcc5ea00afea68a43699,212615,2026-09-30T05:09:18.977353+08:00
p1/kernel_v539.py,archive/p1/kernel_v539.py,ffd3c4f463f603ad664a07e63892f33ca2759e22f6d5f437dfd2eedbad5ffe61,218746,2026-09-30T05:09:18.979046+08:00
p1/kernel_v53_gather_bm256_all.py,archive/p1/kernel_v53_gather_bm256_all.py,21f0a57f8e3ade109667756973bab59d5dc1d20d41dd043ee627513650b9493b,91414,2026-09-30T05:09:18.980019+08:00
p1/kernel_v540.py,archive/p1/kernel_v540.py,d7f3c850e3304f495354f12ce298b5724e965603326230134bd291f330c5a6ae,212625,2026-09-30T05:09:18.981350+08:00
p1/kernel_v542a.py,archive/p1/kernel_v542a.py,10d3c60f11775ea2f916f17267319a4b07005a9e4768e4ada480f829b88fc4a3,221245,2026-09-30T05:09:18.982439+08:00
p1/kernel_v542b.py,archive/p1/kernel_v542b.py,aec2049f5bd977d1114b6919e3c52ee37ffff20ebc5ca08d261c295d976abd4f,221270,2026-09-30T05:09:18.983508+08:00
p1/kernel_v542c.py,archive/p1/kernel_v542c.py,9079663a1b4b4dba846ccafe5d9396f0738b21b13cff8e06bf723c38b735943b,221245,2026-09-30T05:09:18.984660+08:00
p1/kernel_v542d.py,archive/p1/kernel_v542d.py,c0294762c765f2528df58ca1ff0c7cefd5c5bd5a6ff085c6974a832cc1071957,221272,2026-09-30T05:09:18.985778+08:00
p1/kernel_v543.py,archive/p1/kernel_v543.py,283b3453784e2c74bcb6fcd52881136c6c42081367af7e0e42351d8eb63c2a48,219728,2026-09-30T05:09:18.986915+08:00
p1/kernel_v544.py,archive/p1/kernel_v544.py,ecfb8e1881f07f3d03086badae8f80d2e5a20d28bf63417bd02685375a2dfa84,221328,2026-09-30T05:09:18.988097+08:00
p1/kernel_v545.py,archive/p1/kernel_v545.py,b8881438b06c7e44053974822d742a29d21922ddc7d829020052af8836f021de,221337,2026-09-30T05:09:18.989437+08:00
p1/kernel_v546.py,archive/p1/kernel_v546.py,fc57fd51bbdfdf0dafde187e339f2068e0705488dcdad70c4f85ccb50c005390,216747,2026-09-30T05:09:18.990908+08:00
p1/kernel_v547.py,archive/p1/kernel_v547.py,24566481029b7104696153986d03e2b50ff8ca3dd789039f55e91aa56b350f4b,225459,2026-09-30T05:09:18.992543+08:00
p1/kernel_v548.py,archive/p1/kernel_v548.py,e7133f298b224f7c62aa993efae602c307efe87bb64487d8a930d8acc68f2cf5,221259,2026-09-30T05:09:18.994077+08:00
p1/kernel_v549.py,archive/p1/kernel_v549.py,2b172501e7faba7ed58099a1765c0e1e4b89975aa614339c901dbfeb2fae662b,221284,2026-09-30T05:09:18.995434+08:00
p1/kernel_v54_case2_gather_bm256_bh64.py,archive/p1/kernel_v54_case2_gather_bm256_bh64.py,556ef646233664f21f0222716682b00a7ade554be038505a95c4cf3015827abe,91412,2026-09-30T05:09:18.996560+08:00
p1/kernel_v550.py,archive/p1/kernel_v550.py,5bde03b9e49c4ebddd1a80ce123f2a1e771f3d25ae365047f1e7de5968de79e4,225518,2026-09-30T05:09:18.997919+08:00
p1/kernel_v551.py,archive/p1/kernel_v551.py,615b37cb2d1d38e19d05f4521641f370eac676c102b474bb7a2a75aea8c804ff,235231,2026-09-30T05:09:18.999221+08:00
p1/kernel_v552a.py,archive/p1/kernel_v552a.py,9e919a4565f5f1b555ed0474aa1f76310027f532c1ab4f5b253457ff36420a9b,233589,2026-09-30T05:09:19.000510+08:00
p1/kernel_v552b.py,archive/p1/kernel_v552b.py,481311150dcc502ef3617eaf772705af6d28248aaceb714c5cc96fa65ef94004,225992,2026-09-30T05:09:19.001588+08:00
p1/kernel_v553a.py,archive/p1/kernel_v553a.py,94b364f5be6899e1b189aee511d454bb97b16c409cd53a9b4260f8c3c39ec4c8,225532,2026-09-30T05:09:19.002800+08:00
p1/kernel_v553b.py,archive/p1/kernel_v553b.py,329a7b4751efe603f3386cbe867284b638fb9737d1e8a1d61e2d5c8ede113047,225854,2026-09-30T05:09:19.003905+08:00
p1/kernel_v553c.py,archive/p1/kernel_v553c.py,f466e5921ea010028e906fea79f19abd97726483c92fe10251b3fd21f2230909,227843,2026-09-30T05:09:19.005071+08:00
p1/kernel_v553d.py,archive/p1/kernel_v553d.py,8cf4faca49c7fec770c27d81dee93f784cb90578264a911c3fc28abfda87394d,227839,2026-09-30T05:09:19.006168+08:00
p1/kernel_v554.py,archive/p1/kernel_v554.py,efeca5a9b78bb16d07e0fb51a2130cbb6426e932513e9349159503f30e67c444,215675,2026-09-30T05:09:19.007355+08:00
p1/kernel_v555.py,archive/p1/kernel_v555.py,7fe57f852fb3d8ac310356a01b6132e89917c6c503296c35b240c31cbc1e4083,233281,2026-09-30T05:09:19.008441+08:00
p1/kernel_v556a.py,archive/p1/kernel_v556a.py,421c2033c2ed3bbc5c6a1fdae6017dc983e60c9ea4585161146c27478481966d,225528,2026-09-30T05:09:19.009528+08:00
p1/kernel_v556b.py,archive/p1/kernel_v556b.py,233f51c401425dbb49f274c16891028b34e25ab0b7747849331926df7283134a,225533,2026-09-30T05:09:19.010595+08:00
p1/kernel_v557.py,archive/p1/kernel_v557.py,b4610ce6bf6e817fa0d029076c526b249e20d019a39336ec8ffa1afbd2066d73,225858,2026-09-30T05:09:19.011794+08:00
p1/kernel_v558.py,archive/p1/kernel_v558.py,5d5a43f6f93c8566964478bd03926733a6ca197215997af059ffb44f792e8fdd,232919,2026-09-30T05:09:19.012975+08:00
p1/kernel_v559.py,archive/p1/kernel_v559.py,4ed735d6a8b0791484f84bd6f63e6ba8c4efe44536c31619062f7f27ad37af42,225552,2026-09-30T05:09:19.014094+08:00
p1/kernel_v55_case2_gather_bm512.py,archive/p1/kernel_v55_case2_gather_bm512.py,9a2d7f3c7ec320dbf622ddde11d828f9c0cd1285b14a594e0ad934d59e57d41f,91412,2026-09-30T05:09:19.015134+08:00
p1/kernel_v561.py,archive/p1/kernel_v561.py,8f58130344a98cdbbbe289528874b4519c8c12682ff289d18d8f4922b9b1c4e7,225713,2026-09-30T05:09:19.016240+08:00
p1/kernel_v562.py,archive/p1/kernel_v562.py,2fae8d1cb45328a6643b05d01eb704529612895d8e46d9b2d78fc7a1a04dab0d,225563,2026-09-30T05:09:19.017422+08:00
p1/kernel_v563.py,archive/p1/kernel_v563.py,16660841c2c685078b6683fd88b3572180174a2409c2f16774e354bcdf4b4409,225595,2026-09-30T05:09:19.018677+08:00
p1/kernel_v564.py,archive/p1/kernel_v564.py,900db709c2ba9d3c22d5a93d0d5b318d4f3c2acd5b3e81da3b166b847b29f120,229074,2026-09-30T05:09:19.019985+08:00
p1/kernel_v566.py,archive/p1/kernel_v566.py,602774e3c162a3b92d2881b7c8c1b4bbf20eaeb2700f524defec54b2c2f2f31b,226147,2026-09-30T05:09:19.021340+08:00
p1/kernel_v567.py,archive/p1/kernel_v567.py,603e1954de4af3c1a87f15450fc8c72a477955f702392a6cc44e4b10838b0e63,226152,2026-09-30T05:09:19.022751+08:00
p1/kernel_v568.py,archive/p1/kernel_v568.py,7385d9a5b66e1a375de9c42b0fb2452078cfa1499ee7185a6b484c191a296325,226253,2026-09-30T05:09:19.024081+08:00
p1/kernel_v569.py,archive/p1/kernel_v569.py,796bcfd21c9464ed18f924c7b4a628a1715b3fd1c4d1e2186a5fcdab2e9ed79a,230632,2026-09-30T05:09:19.025388+08:00
p1/kernel_v56_case2_gateup_bm64_meta.py,archive/p1/kernel_v56_case2_gateup_bm64_meta.py,9bf4e260909b954453506a2d6f42dea1be773b6666b94b4492da55267ad5fa89,94098,2026-09-30T05:09:19.026500+08:00
p1/kernel_v570.py,archive/p1/kernel_v570.py,55494ac1293e5a2458ff697eec4523e8b9519d1f55f0aafda8d523f0a6c99503,233817,2026-09-30T05:09:19.027658+08:00
p1/kernel_v571.py,archive/p1/kernel_v571.py,cdd0de356fb651ffb85c5b04e78cd6469158f960b436eeb6d6608a979ff470d3,233986,2026-09-30T05:09:19.028747+08:00
p1/kernel_v572.py,archive/p1/kernel_v572.py,dbe2036022115739e58a524e38a8bcff19379c666436643d5c37a51033ead3f7,233986,2026-09-30T05:09:19.029828+08:00
p1/kernel_v573.py,archive/p1/kernel_v573.py,8923e68a745fff5847fe5b1cbefdd5cf03e9f28801e69e44207fa53a91e70174,225623,2026-09-30T05:09:19.031949+08:00
p1/kernel_v574.py,archive/p1/kernel_v574.py,15327014f35805dab78e980c2a5a1913df8d9a74accd8ee7854996be43a62a52,229848,2026-09-30T05:09:19.033235+08:00
p1/kernel_v575.py,archive/p1/kernel_v575.py,1307bd68a1361f9fe9b1bc439ab9916e58eb317abfb78965a227370ed8800502,228910,2026-09-30T05:09:19.034299+08:00
p1/kernel_v576.py,archive/p1/kernel_v576.py,5fea29dc6872876a2b493529cb9570cab9f18fb1d0e90fa160b8282725965741,225663,2026-09-30T05:09:19.035381+08:00
p1/kernel_v577.py,archive/p1/kernel_v577.py,a2651e38bdcacfb6b359a5f8bb98c2f3c2b3018a35f293d3fc3e75d699e79d37,225709,2026-09-30T05:09:19.036459+08:00
p1/kernel_v578.py,archive/p1/kernel_v578.py,4ac5643c4aeac338f0529c00106c8fd38e47dc19c004022b0b55ec02439c7f32,225623,2026-09-30T05:09:19.037596+08:00
p1/kernel_v579.py,archive/p1/kernel_v579.py,f82ac1c2bb5829ee4ea6b6731d51373e5999e91c9fe4b925cc0727e8334c7a30,229848,2026-09-30T05:09:19.038795+08:00
p1/kernel_v580.py,archive/p1/kernel_v580.py,14095345549e4d3062910fed32dc92533d64d2cc0a9cde89c9fe376dd0b2992c,229848,2026-09-30T05:09:19.039949+08:00
p1/kernel_v581.py,archive/p1/kernel_v581.py,a3cb7c1627b30783429cd0c0bd3b063fb63d4d00f4839e921ad5616dc8241274,229848,2026-09-30T05:09:19.041018+08:00
p1/kernel_v582.py,archive/p1/kernel_v582.py,89a51621338483179f9e97bf583e2b781519522e3733b78def32331f9decc9f1,229851,2026-09-30T05:09:19.042062+08:00
p1/kernel_v583.py,archive/p1/kernel_v583.py,d1f3baa71f73580d1dacf4f208aa3edaec84163481f3c3d7bba44366ee2a5277,229850,2026-09-30T05:09:19.043130+08:00
p1/kernel_v584.py,archive/p1/kernel_v584.py,647080d4c8843ce37b0f4988952d09bf0de8e514bf71bc18188ff1bbebde799c,229848,2026-09-30T05:09:19.044200+08:00
p1/kernel_v585.py,archive/p1/kernel_v585.py,77fee734ffe7d26fac475a920e40a83263480186b793f6ae858c1dd05fbfa2d9,229850,2026-09-30T05:09:19.045436+08:00
p1/kernel_v586.py,archive/p1/kernel_v586.py,d85500cfbfee663e37989dfe88954b4c179e2afe2726e5b8eb0cdf5866191518,229848,2026-09-30T05:09:19.046530+08:00
p1/kernel_v587.py,archive/p1/kernel_v587.py,3869ec675f215018dce8dc787220016b644a63329eef6659b70cb85939e782b0,229824,2026-09-30T05:09:19.047635+08:00
p1/kernel_v588.py,archive/p1/kernel_v588.py,a87dd8cf1ecf0c23e7b249030cec59c35a6d6058d810cb8ad58e1f710059db54,229850,2026-09-30T05:09:19.048730+08:00
p1/kernel_v589.py,archive/p1/kernel_v589.py,7d49955a676de56fd1db62c6743441debaf7be78c704b20c763d85da4784e761,229851,2026-09-30T05:09:19.049914+08:00
p1/kernel_v58_base_backup.py,archive/p1/kernel_v58_base_backup.py,ae9f03ee1007a7125f60b88af843a528fe491e98bf5602afd382876b866232dc,211483,2026-09-30T05:09:19.050972+08:00
p1/kernel_v58_down_persistent264.py,archive/p1/kernel_v58_down_persistent264.py,109e2b11e10c4d1cd4e8396c8a43ecb1e05ea4c21ab4ef5c35f9310d1497523c,90894,2026-09-30T05:09:19.051921+08:00
p1/kernel_v590.py,archive/p1/kernel_v590.py,61ebe403055c00d022f1c942c5d3fe71f385792f5dbfe8f5faceefa121f3544d,231012,2026-09-30T05:09:19.053024+08:00
p1/kernel_v591.py,archive/p1/kernel_v591.py,97c933a0b012beda89b330ea5e66965d2a081563aa2716305af3bb0997fb2a0d,229850,2026-09-30T05:09:19.054139+08:00
p1/kernel_v592.py,archive/p1/kernel_v592.py,be03915d6c697243168ab5674d97f171900f03c03f162c8525c308171bdc641f,229850,2026-09-30T05:09:19.055240+08:00
p1/kernel_v593.py,archive/p1/kernel_v593.py,92dee2ced1f650d76ba0514b15da946a062f1ccd9524e3aceb3e1d05376d9dae,229850,2026-09-30T05:09:19.056341+08:00
p1/kernel_v594.py,archive/p1/kernel_v594.py,219ee8e0ccb0a5d99c876258bebdb2af93530f7e2ef095e0f53dadbf247995c5,236429,2026-09-30T05:09:19.057616+08:00
p1/kernel_v59_backup.py,archive/p1/kernel_v59_backup.py,bbfc812c02d84167238c04468a958d922f06ad3ac493bcc5ea00afea68a43699,212615,2026-09-30T05:09:19.058687+08:00
p1/kernel_v59_route_e256_bn64.py,archive/p1/kernel_v59_route_e256_bn64.py,64844b1d2d08f56010bb5eba8dc42d265be03249b6c5eef75d30ca2a31e66cbe,91436,2026-09-30T05:09:19.059637+08:00
p1/kernel_v5_route_swiglu_nomask.py,archive/p1/kernel_v5_route_swiglu_nomask.py,178d6da0560c2c20a8e40bc036414d29039b41bb8a75b5edc30f289dee098c2c,87955,2026-09-30T05:09:19.060603+08:00
p1/kernel_v600.py,archive/p1/kernel_v600.py,956e50275809424884dbeeb788637fd10a7ee27d351fb7bcb445d9295728ea2f,236252,2026-09-30T05:09:19.061843+08:00
p1/kernel_v601.py,archive/p1/kernel_v601.py,cd1eeb87517a3491a59a7d03c2cb7dca5e7b88c3a98c8ce3d0d218f89853e3ba,236194,2026-09-30T05:09:19.062954+08:00
p1/kernel_v602.py,archive/p1/kernel_v602.py,aa05906927df7a55a712823065f8888e9d8aaad5f0526c2dbfb754fa4174d841,236470,2026-09-30T05:09:19.064040+08:00
p1/kernel_v603.py,archive/p1/kernel_v603.py,4bde79d6ab9947b76f1e77552beeda696cce56fbe7494bdc9fc5dcc9281aaae7,236516,2026-09-30T05:09:19.065156+08:00
p1/kernel_v605.py,archive/p1/kernel_v605.py,23adcea1fff052315458ad44594369f25900f510acba3da719f79f890d2a4ff3,236617,2026-09-30T05:09:19.066242+08:00
p1/kernel_v606.py,archive/p1/kernel_v606.py,3e99f3c3352e7f5d5cab411875883b027c51519a1e60fa787fda1fc63140fcc6,236687,2026-09-30T05:09:19.067334+08:00
p1/kernel_v607.py,archive/p1/kernel_v607.py,757642eb42e0d411dea7193e96a215dd9b80a075890be1c4bc1ab3414aa6c48f,236672,2026-09-30T05:09:19.068426+08:00
p1/kernel_v608.py,archive/p1/kernel_v608.py,9452c9eaf510043d19dad5e728b4360a86936d99fb96e74c1512e263ff7261a2,236658,2026-09-30T05:09:19.069609+08:00
p1/kernel_v609.py,archive/p1/kernel_v609.py,20054ecd2550a69e68c744a59c475eb8842b6c903e7ec0bc8819281b2477c80e,236295,2026-09-30T05:09:19.070862+08:00
p1/kernel_v60_backup.py,archive/p1/kernel_v60_backup.py,d7f3c850e3304f495354f12ce298b5724e965603326230134bd291f330c5a6ae,212625,2026-09-30T05:09:19.071972+08:00
p1/kernel_v60_down_slots.py,archive/p1/kernel_v60_down_slots.py,2700f1538b98be0952cbd6fcaac717d696e81fd4371920abfa59846bce9e18c4,95405,2026-09-30T05:09:19.072935+08:00
p1/kernel_v610.py,archive/p1/kernel_v610.py,c6cb8952d0cab8bb5b90ae55a5f3b809f1a6e9b424ba1937f2964623035f46d0,229940,2026-09-30T05:09:19.074253+08:00
p1/kernel_v611.py,archive/p1/kernel_v611.py,711f47a406cf3e935ca3cfc3fd3161dfaccbed6de305126e3bec494a92e76d23,229870,2026-09-30T05:09:19.075519+08:00
p1/kernel_v612a.py,archive/p1/kernel_v612a.py,c6c60dbb2baf47073b1ec09cccc40ce58929f67fa446ef31bda8a45c5b7711e3,229849,2026-09-30T05:09:19.076725+08:00
p1/kernel_v612b.py,archive/p1/kernel_v612b.py,7cadf1b1322d15e664cbe6b295e0740c91ffaca330b90db4181723aac6247362,229850,2026-09-30T05:09:19.077838+08:00
p1/kernel_v612b_backup.py,archive/p1/kernel_v612b_backup.py,7cadf1b1322d15e664cbe6b295e0740c91ffaca330b90db4181723aac6247362,229850,2026-09-30T05:09:19.079144+08:00
p1/kernel_v613.py,archive/p1/kernel_v613.py,049d86c1755c4e58f625951f7bbc8600f76a0a9ccfeaad153f7180bc98a179e1,229850,2026-09-30T05:09:19.080477+08:00
p1/kernel_v614.py,archive/p1/kernel_v614.py,39e074c75d4db43150a93ea3687b3e5fb489d60ecbf8807dbc3f0f6e984c20fc,229850,2026-09-30T05:09:19.081645+08:00
p1/kernel_v615a.py,archive/p1/kernel_v615a.py,3d1f7af0e41453e6dd28a58c2623213dca8322330369bda5b5b2826d0c52985f,229829,2026-09-30T05:09:19.083003+08:00
p1/kernel_v615b.py,archive/p1/kernel_v615b.py,481fe1a03e209be352a1a6f72e9cb2bae79b82e811375ad733e0f4928ab7c66f,229829,2026-09-30T05:09:19.084222+08:00
p1/kernel_v616a.py,archive/p1/kernel_v616a.py,b392e2b2800e1d91b7f6807b219597a644959832204031f020bf4aec189d5909,229826,2026-09-30T05:09:19.085409+08:00
p1/kernel_v616b.py,archive/p1/kernel_v616b.py,4557baa42ba36a098410790f49a76f865fb31547825977efa6a4f0ba6d96ea8e,229826,2026-09-30T05:09:19.086543+08:00
p1/kernel_v617a.py,archive/p1/kernel_v617a.py,bab667a69b9105ee78aa58f375ed4e9af90fc5f3d04881031db296c3a02167af,229956,2026-09-30T05:09:19.088457+08:00
p1/kernel_v617b.py,archive/p1/kernel_v617b.py,07ed166397cffca44e12fff3a2f6b54bd8c2188f71f38dcf27a76bf91dd959fb,229956,2026-09-30T05:09:19.089605+08:00
p1/kernel_v618a.py,archive/p1/kernel_v618a.py,1cc6201d1c6466a10e292b1c910329020c52b2a3e5294a3a5a5c56c4d44aa361,229907,2026-09-30T05:09:19.090758+08:00
p1/kernel_v618b.py,archive/p1/kernel_v618b.py,6c553f2fee784db35b58c9aff2d32c3b7e1b6d58e937885b8826dfac55ca54c3,229907,2026-09-30T05:09:19.091867+08:00
p1/kernel_v618c.py,archive/p1/kernel_v618c.py,d3095bab0ac0c84bfa8a662b8badf62b52e3820ed4bd961ea307ee9902976bf2,229833,2026-09-30T05:09:19.092970+08:00
p1/kernel_v619a.py,archive/p1/kernel_v619a.py,d3095bab0ac0c84bfa8a662b8badf62b52e3820ed4bd961ea307ee9902976bf2,229833,2026-09-30T05:09:19.094064+08:00
p1/kernel_v619b.py,archive/p1/kernel_v619b.py,b12ab25e9d0c6dcc3e5307311bb0ccfb16bb19339be4395ba1f32cfcf779614c,229852,2026-09-30T05:09:19.095153+08:00
p1/kernel_v619c.py,archive/p1/kernel_v619c.py,f58d6b4e48b5ec92fa548041bbec08ba47852abf156d7a710d51d35083a18d7c,229903,2026-09-30T05:09:19.096285+08:00
p1/kernel_v61_case2_split_gateup.py,archive/p1/kernel_v61_case2_split_gateup.py,18f2d18f019968aec538be9032e55659aff8086cc23166ac15bb67e4c35344a9,92629,2026-09-30T05:09:19.097307+08:00
p1/kernel_v620.py,archive/p1/kernel_v620.py,1802eb44700563f491b46a0da3c31c4ff3677d7ecd7e4eda3822bb48d74276c7,229833,2026-09-30T05:09:19.098539+08:00
p1/kernel_v621a.py,archive/p1/kernel_v621a.py,9d72e1771311a17f3efe72bed50a56076b2c7847ca798a99cc73f9365e9585ef,233329,2026-09-30T05:09:19.099641+08:00
p1/kernel_v621b.py,archive/p1/kernel_v621b.py,fc6e8da4e21841062bf32580ae4477b4b4fc7995c2e01597028d261633132572,233156,2026-09-30T05:09:19.100720+08:00
p1/kernel_v622a.py,archive/p1/kernel_v622a.py,8b62882965f1e33b26d11a76343c7201978081e357546519f46bc4a721791783,233496,2026-09-30T05:09:19.101920+08:00
p1/kernel_v622b.py,archive/p1/kernel_v622b.py,1deb567fbf87a15e7718f3a22ce7d4e74deea0c85ec30248c05ea47182e036ab,233329,2026-09-30T05:09:19.103036+08:00
p1/kernel_v623a.py,archive/p1/kernel_v623a.py,1293fa011bdbd5af74e0ab9500f0e2bd01b8377ac46adaef51480f059fca1b06,233450,2026-09-30T05:09:19.104096+08:00
p1/kernel_v623b.py,archive/p1/kernel_v623b.py,aba96244ad07048e43e39dae24ceb707702efbeba762bdc0b306f3177dc1bb04,233619,2026-09-30T05:09:19.105313+08:00
p1/kernel_v624a.py,archive/p1/kernel_v624a.py,8deb4c437f5b54fdabb7c9e28edae95e56c0f10026a56b922107a0005133f4a7,229850,2026-09-30T05:09:19.106450+08:00
p1/kernel_v624b.py,archive/p1/kernel_v624b.py,f065bfd12fcb6143ddc8ae1c26c6eb8de3e0f060d7f29540cfef7835b1ce909c,229850,2026-09-30T05:09:19.107526+08:00
p1/kernel_v624c.py,archive/p1/kernel_v624c.py,3c4f53e7ede949babc8a2652c7a94fa7f2c63dc31d3f446b40d10df4ebf91a97,229850,2026-09-30T05:09:19.108627+08:00
p1/kernel_v625a.py,archive/p1/kernel_v625a.py,2a0b48a8dd986f9c2fe92702cf714d8250b3bb666516e5d069dd540cfa4fca91,229850,2026-09-30T05:09:19.109837+08:00
p1/kernel_v625b.py,archive/p1/kernel_v625b.py,7bad1a8b32b8987694c068d0d6699edc4e837cbc3de16d3c81129eca6d297ab1,229851,2026-09-30T05:09:19.110930+08:00
p1/kernel_v626a.py,archive/p1/kernel_v626a.py,f3dbc88b9e563809741080cb192831f2bbf1a5760ccccffffe1963e1ba168680,229935,2026-09-30T05:09:19.112003+08:00
p1/kernel_v626b.py,archive/p1/kernel_v626b.py,7ca732bf0f36b67a46ea79de2ccef64d2e7bb4041cff8265ce0f2de2a3145c1c,229935,2026-09-30T05:09:19.113068+08:00
p1/kernel_v626c.py,archive/p1/kernel_v626c.py,c8f86e7596dc0f52139743acb02b85cea37f645ec5ce831893e3a0583396b36c,229850,2026-09-30T05:09:19.114177+08:00
p1/kernel_v627a.py,archive/p1/kernel_v627a.py,012ccfe2e9efc398b7aeb586e02d5e96eaa77a1bb414931718c7a6b65d8c63fc,230094,2026-09-30T05:09:19.115255+08:00
p1/kernel_v627b.py,archive/p1/kernel_v627b.py,62e090df3e9e247842298413f0420eb3fe128baefd5df7b599c6c39dc3abd3f6,230065,2026-09-30T05:09:19.116320+08:00
p1/kernel_v628a.py,archive/p1/kernel_v628a.py,4691974ea651125ffb30cd4446d0dc5db49ef43b125402fd05f81115126cdc38,230154,2026-09-30T05:09:19.117368+08:00
p1/kernel_v629a.py,archive/p1/kernel_v629a.py,7e9506bfb8e4e9fc56da383b835d4f8d12a01ee25ba7a0fa531f194460d4d570,229924,2026-09-30T05:09:19.118483+08:00
p1/kernel_v62_backup.py,archive/p1/kernel_v62_backup.py,24566481029b7104696153986d03e2b50ff8ca3dd789039f55e91aa56b350f4b,225459,2026-09-30T05:09:19.119585+08:00
p1/kernel_v62_fp8act_tiled.py,archive/p1/kernel_v62_fp8act_tiled.py,538b01cc9e8833c341183dfc518b149db7339b0e0faf1111a3b3de6ba4d8f870,100353,2026-09-30T05:09:19.120560+08:00
p1/kernel_v630.py,archive/p1/kernel_v630.py,5b425e05dabf23e97f9e303113a3cfc60eddec294b8397bd9ad2c8604b2598ae,229911,2026-09-30T05:09:19.121743+08:00
p1/kernel_v631.py,archive/p1/kernel_v631.py,51d2f790753aa65ddc98f99a178dc55ad84e7823066c3a4eab74b3a7efe3b99d,233005,2026-09-30T05:09:19.123001+08:00
p1/kernel_v632probe.py,archive/p1/kernel_v632probe.py,5e6be3dd6826249e3cb1131471a7085ae3d94b9d682259f2ac67a3be61f5ce95,229915,2026-09-30T05:09:19.124090+08:00
p1/kernel_v634.py,archive/p1/kernel_v634.py,75e87254c9da815cfa081c71b30cca685cc51e48f088d1c01b813d06769fd203,231995,2026-09-30T05:09:19.125188+08:00
p1/kernel_v634b.py,archive/p1/kernel_v634b.py,d3a1b50d597e1fb24a39f55590f03dca28658d50a875efca10a3018052be2605,231995,2026-09-30T05:09:19.126293+08:00
p1/kernel_v634c.py,archive/p1/kernel_v634c.py,f2434a40e836e7df81ab1f405b20b9eabdc271ad9ef9783496494c56acaa2168,231828,2026-09-30T05:09:19.127358+08:00
p1/kernel_v634c_backup.py,archive/p1/kernel_v634c_backup.py,f2434a40e836e7df81ab1f405b20b9eabdc271ad9ef9783496494c56acaa2168,231828,2026-09-30T05:09:19.128512+08:00
p1/kernel_v635.py,archive/p1/kernel_v635.py,34adeee67699ab1faaf573d860b4b88044bb99f282c149c9a45e1d2723b97b89,233122,2026-09-30T05:09:19.130248+08:00
p1/kernel_v636.py,archive/p1/kernel_v636.py,b7ada717919fff663437ad2793ccd30ee011fca5dc337aef28bbf9b21021fe36,231912,2026-09-30T05:09:19.131306+08:00
p1/kernel_v637a.py,archive/p1/kernel_v637a.py,226752ff9d0180524562f0a8f59b45283955e839981ae40b23710938582cd491,231862,2026-09-30T05:09:19.132487+08:00
p1/kernel_v637b.py,archive/p1/kernel_v637b.py,c3aef3eab95fe2934ed30d88e3982b39bc629249db7d1c94f00799eb8fa9b48b,231845,2026-09-30T05:09:19.133570+08:00
p1/kernel_v638.py,archive/p1/kernel_v638.py,6bb4a95a8bbbe582562f5b10babf9368416d28335f5da6831b0a9ce5d1860564,233393,2026-09-30T05:09:19.135077+08:00
p1/kernel_v639a.py,archive/p1/kernel_v639a.py,26fc1ef794e98f766f68181bae0b300f0324159117f918bcfc03d80d5cf675a3,233487,2026-09-30T05:09:19.136731+08:00
p1/kernel_v639b.py,archive/p1/kernel_v639b.py,bbe6cb78969f395a1973c678d3b1678a7994bca19daa1520b18bb2d3915f961c,233487,2026-09-30T05:09:19.138349+08:00
p1/kernel_v63_backup.py,archive/p1/kernel_v63_backup.py,5bde03b9e49c4ebddd1a80ce123f2a1e771f3d25ae365047f1e7de5968de79e4,225518,2026-09-30T05:09:19.139873+08:00
p1/kernel_v63_stripped.py,archive/p1/kernel_v63_stripped.py,42fba54c2a66c4804e9eba2500f9e513621f66a7ec45d48482a4731c2c95ff2d,215201,2026-09-30T05:09:19.141211+08:00
p1/kernel_v640a.py,archive/p1/kernel_v640a.py,cbc1fa842dee94b140ccc49f9305fb16802e5ac29c7e146b76ea087448713d0d,233502,2026-09-30T05:09:19.142680+08:00
p1/kernel_v640b.py,archive/p1/kernel_v640b.py,007ee5ec74f33b878a528c433644a91158e0ad024912fbdffb6af82574c64103,233544,2026-09-30T05:09:19.143911+08:00
p1/kernel_v640c.py,archive/p1/kernel_v640c.py,2b18a5c0618aafc54fcca7656f9f39eb93bebac71d3cbee85d5f18daf70a4e7b,233510,2026-09-30T05:09:19.145186+08:00
p1/kernel_v641a.py,archive/p1/kernel_v641a.py,08bc2070e06cd4acdb3772b50a38420fe389353f30d5ade59edebaa0fe232253,233487,2026-09-30T05:09:19.146311+08:00
p1/kernel_v641b.py,archive/p1/kernel_v641b.py,c6e8699806a4a2b89455d2f0eaefe6ec9b28b7fbd0205666a7dc774346ea4969,233513,2026-09-30T05:09:19.147384+08:00
p1/kernel_v641c.py,archive/p1/kernel_v641c.py,e5a586a34c0643c01324fe04066ace4bf7531f1390b36596e7de32475d57ce92,233487,2026-09-30T05:09:19.148499+08:00
p1/kernel_v642a.py,archive/p1/kernel_v642a.py,5a40018f67f77051d6b414d7a1cd525eea2ecb6054b0ac0906bcc192eecb5b85,233562,2026-09-30T05:09:19.149547+08:00
p1/kernel_v642b.py,archive/p1/kernel_v642b.py,99dece9d1f6974eba5695b1b75565b11623e86216cdb1d8b7a52cbdb85f7734a,233563,2026-09-30T05:09:19.150630+08:00
p1/kernel_v642c.py,archive/p1/kernel_v642c.py,6bdc22ef3ee8c3bea62ec6bd8fdfe2d29efa498f766c1c147668521442a04cdd,233563,2026-09-30T05:09:19.151815+08:00
p1/kernel_v643a.py,archive/p1/kernel_v643a.py,e7efcc48ae97e48ba34a79600dbcb97da5324cf7df4b566ddd67ecd0cf473ba7,233461,2026-09-30T05:09:19.152997+08:00
p1/kernel_v643b.py,archive/p1/kernel_v643b.py,9c11a8bc3cb8bc53d914febf0bc19e3f5e5b3cbb50f0b8414ab55208c3ee716b,233485,2026-09-30T05:09:19.154124+08:00
p1/kernel_v643c.py,archive/p1/kernel_v643c.py,ac8e0208f89dd90ed729840d390a4dbf90dccbae4fa320b44c0645d491a13ffb,233467,2026-09-30T05:09:19.155263+08:00
p1/kernel_v644a.py,archive/p1/kernel_v644a.py,890451da467662e8deccdf0e764ad8d13a4e924d04182829f8075c817ec304b1,233527,2026-09-30T05:09:19.156472+08:00
p1/kernel_v644b.py,archive/p1/kernel_v644b.py,208d3aa3a5dd53e4bf313530b6f902d7d1f5975f1130bc8c86251b707d07cec5,233521,2026-09-30T05:09:19.157602+08:00
p1/kernel_v644c.py,archive/p1/kernel_v644c.py,81faa2b625f8afee9ab3244e32b245283a1695bdbbb6b435e59a112ff9873d20,233527,2026-09-30T05:09:19.158728+08:00
p1/kernel_v645a.py,archive/p1/kernel_v645a.py,e0bede046fa2f71dd6c7bbfec15172350fd4fce8ada34f913252624df25fa9d4,233561,2026-09-30T05:09:19.159893+08:00
p1/kernel_v645b.py,archive/p1/kernel_v645b.py,bf015f40f560f7ede0dbe8964f0d7c3da265c6433cb43bd5df1c9e2e0f1dcf88,233561,2026-09-30T05:09:19.161015+08:00
p1/kernel_v646a.py,archive/p1/kernel_v646a.py,b6fa08ff54296d82b78e3f893a614f346b717d2ec492512a7da9d2e6bd3f06c3,233603,2026-09-30T05:09:19.162131+08:00
p1/kernel_v646b.py,archive/p1/kernel_v646b.py,9ae7b2c7c02040429aa8c28483748b3860faa2af4ae58e694ca4b9f144af6f21,233575,2026-09-30T05:09:19.163178+08:00
p1/kernel_v646c.py,archive/p1/kernel_v646c.py,4dd016df20fef3388eaefe73a58acf194edca40590d66b75602a161ed2555518,233603,2026-09-30T05:09:19.164431+08:00
p1/kernel_v647a.py,archive/p1/kernel_v647a.py,806d76ec745aa24b04c52c03ffc6e2c024cdf30f3185c4b61abf60fe0f9a9817,233561,2026-09-30T05:09:19.166037+08:00
p1/kernel_v647b.py,archive/p1/kernel_v647b.py,6205fd60114964c884961d57a6f81cce7614274ebdc4990d2b8acfd7524df600,233611,2026-09-30T05:09:19.167566+08:00
p1/kernel_v647c.py,archive/p1/kernel_v647c.py,293c1d850ca122b95870e95fc64fa0798affca020c91c92b338f538c5cf67ab2,233586,2026-09-30T05:09:19.170073+08:00
p1/kernel_v648.py,archive/p1/kernel_v648.py,cf127301ac0d30b7e1697de4a16dbdc260a41fbfa5c02475d0d754aa49bf3017,241457,2026-09-30T05:09:19.172598+08:00
p1/kernel_v649probe.py,archive/p1/kernel_v649probe.py,1888a080a68c0574bea8243278961410e268340b861dc0b6be58871997066140,233713,2026-09-30T05:09:19.173838+08:00
p1/kernel_v64_backup.py,archive/p1/kernel_v64_backup.py,16660841c2c685078b6683fd88b3572180174a2409c2f16774e354bcdf4b4409,225595,2026-09-30T05:09:19.175379+08:00
p1/kernel_v64_invscatter.py,archive/p1/kernel_v64_invscatter.py,c8cbf1fa6661ac8aef20f90cb80040705be36d517d8e3977050f13732808152d,90994,2026-09-30T05:09:19.176567+08:00
p1/kernel_v650.py,archive/p1/kernel_v650.py,84819d4782982ddfe67fd4f9fbf184155302864fe344ad6b5e9321460d42f9c6,237814,2026-09-30T05:09:19.177846+08:00
p1/kernel_v651.py,archive/p1/kernel_v651.py,cf127301ac0d30b7e1697de4a16dbdc260a41fbfa5c02475d0d754aa49bf3017,241457,2026-09-30T05:09:19.179036+08:00
p1/kernel_v652a.py,archive/p1/kernel_v652a.py,b4203d982b8c66bfb3d003747757e0f08f1462571d036cc0342fd55b9a5c3568,241472,2026-09-30T05:09:19.180344+08:00
p1/kernel_v652c.py,archive/p1/kernel_v652c.py,cf9e367add09ee9e1af90303be5b7582d7b0f6961aee4b9fe69aec3fe47e32dc,241476,2026-09-30T05:09:19.181524+08:00
p1/kernel_v653.py,archive/p1/kernel_v653.py,8e232f47c9a2491a33734025fffce6cf647949362333e7bda39256efd04179b9,242278,2026-09-30T05:09:19.182705+08:00
p1/kernel_v654probe.py,archive/p1/kernel_v654probe.py,8899e6e44b17fffc090d02183f40241b4d9b8a227bd982ef48f73af85aa09608,238310,2026-09-30T05:09:19.183887+08:00
p1/kernel_v655.py,archive/p1/kernel_v655.py,10e23518018c86547869f4dd687a6c3b76f880b1d2047c63633b97e80a83a457,243086,2026-09-30T05:09:19.185952+08:00
p1/kernel_v655b.py,archive/p1/kernel_v655b.py,c82488d6e2f28633ef21cce22428016c7c6dbcd3c3473df649aba446fa3c7221,243155,2026-09-30T05:09:19.187412+08:00
p1/kernel_v655c.py,archive/p1/kernel_v655c.py,2432c7f57a4d3559f30829dc88b1b155d8c0ff26203ecb4b591cb4710b1a4e9f,246959,2026-09-30T05:09:19.188580+08:00
p1/kernel_v656a.py,archive/p1/kernel_v656a.py,a5964ec71b412a3c17b5584c23df9e2817a0b994e3ffd88ad042534b57794399,243155,2026-09-30T05:09:19.189825+08:00
p1/kernel_v656c.py,archive/p1/kernel_v656c.py,cddb9715cffefb92d6391423f8d38373acea987c6568b5a46d9d00be00a45c39,243115,2026-09-30T05:09:19.191051+08:00
p1/kernel_v657a.py,archive/p1/kernel_v657a.py,4da70b9110d12f95262d25186a55aa54a04fc9c3e6fe770356c2c62a1fc1fbdb,237998,2026-09-30T05:09:19.192752+08:00
p1/kernel_v657b.py,archive/p1/kernel_v657b.py,3768f68574a671d03d6e70baadbd53d0318c58dc2065139ffc84931a1a8428e6,237998,2026-09-30T05:09:19.193852+08:00
p1/kernel_v658a.py,archive/p1/kernel_v658a.py,526a9a87b6589f4dc2bbbfd8db77d3254ed003fd327f84c17f167f18366a0de1,238385,2026-09-30T05:09:19.194887+08:00
p1/kernel_v659.py,archive/p1/kernel_v659.py,3e8b040bf8abbbf2429c9556d2645bee7a30c0253a9aa58f0eec55a0e550f45e,243515,2026-09-30T05:09:19.196073+08:00
p1/kernel_v65_backup.py,archive/p1/kernel_v65_backup.py,8923e68a745fff5847fe5b1cbefdd5cf03e9f28801e69e44207fa53a91e70174,225623,2026-09-30T05:09:19.197232+08:00
p1/kernel_v65_kconst.py,archive/p1/kernel_v65_kconst.py,31321bb0116b509203536914e8dc57a03a6b68ff45f235baedea2dc49397d2f4,90922,2026-09-30T05:09:19.198381+08:00
p1/kernel_v660a.py,archive/p1/kernel_v660a.py,ceb9cb429333d953185de4a095f59ca1c0c1191a10dc871d168bbbf3fcec5991,238028,2026-09-30T05:09:19.199535+08:00
p1/kernel_v660b.py,archive/p1/kernel_v660b.py,ea798d890137f00ccc56b7d6431ffcb6bec3d8728513fe58d17b4f753eb3da10,238020,2026-09-30T05:09:19.200647+08:00
p1/kernel_v661a.py,archive/p1/kernel_v661a.py,a1598e1d8a0eeb59c26805853e81b36f1b6e0a9435d5ba04c2e523dedde4b659,238001,2026-09-30T05:09:19.201900+08:00
p1/kernel_v661b.py,archive/p1/kernel_v661b.py,aaa5f05c76668048e6e834cadb6cdbd70c2647aedaeccdfc7ca16f0ea55eea6b,238029,2026-09-30T05:09:19.202995+08:00
p1/kernel_v662a.py,archive/p1/kernel_v662a.py,ceffb47fe3924c7e0bb471e9a9081d32443d66cd79de037c181231cf54cf7bc4,238257,2026-09-30T05:09:19.204150+08:00
p1/kernel_v662b.py,archive/p1/kernel_v662b.py,02e952ac4591c706fa5116aeefe74272a9de2216f7b8a85ab4554edec0bcdfd5,237998,2026-09-30T05:09:19.205480+08:00
p1/kernel_v663.py,archive/p1/kernel_v663.py,e8eddc00ad80dee30fbc68265efe8920c8d56aeef1f0f84627ba849cf76324bf,240235,2026-09-30T05:09:19.206778+08:00
p1/kernel_v664a.py,archive/p1/kernel_v664a.py,5cc42c822cd35abb4263313812497fcde42b1f217f8ba3c38be44b28d25cb4ff,237998,2026-09-30T05:09:19.207904+08:00
p1/kernel_v665a.py,archive/p1/kernel_v665a.py,b454236e319e79c13cc8812a5a9a07095969143ce69d0cc2e2af54b93fd084fa,237977,2026-09-30T05:09:19.209035+08:00
p1/kernel_v666a.py,archive/p1/kernel_v666a.py,413629c585cb2faa8f984fc84acef51af2379edab27d94dae6ca881d49ec8bc0,238058,2026-09-30T05:09:19.210136+08:00
p1/kernel_v666b.py,archive/p1/kernel_v666b.py,c22e0dbcd43994bda1a7a5bf1c4ab7a23d63b620959a2063b939efdf0a59db58,238061,2026-09-30T05:09:19.211220+08:00
p1/kernel_v666c.py,archive/p1/kernel_v666c.py,68ca92fdbf4ffa697f5d063dfee7e71956b8d90e3da14f78abb629bf42dab331,238061,2026-09-30T05:09:19.212283+08:00
p1/kernel_v666d.py,archive/p1/kernel_v666d.py,a64dcd307838b433728c4dd843b388c9c3d94237c467ee1bbf2968de0bf3a13f,238061,2026-09-30T05:09:19.213360+08:00
p1/kernel_v667a.py,archive/p1/kernel_v667a.py,26e9facb615a716a4859a8b5eed20e57ae83a896433f4c92b04f2b95d8323468,238412,2026-09-30T05:09:19.214479+08:00
p1/kernel_v667b.py,archive/p1/kernel_v667b.py,f7ced305c0392fb212b7c6f6485a5270c9025edaa1cfc7dad81443e3a2885884,238413,2026-09-30T05:09:19.215528+08:00
p1/kernel_v668.py,archive/p1/kernel_v668.py,4fdefccccfce2d297171865a3c1d277210340f34a6b05e439c6312e17a52425d,238686,2026-09-30T05:09:19.216642+08:00
p1/kernel_v669a.py,archive/p1/kernel_v669a.py,506355e49c1d8b5445b656f3ade723532cfc1461f10736c0638c3f6b717a3132,238058,2026-09-30T05:09:19.217914+08:00
p1/kernel_v669b.py,archive/p1/kernel_v669b.py,a91a4918eaed387d89eb05d99e997c717b1583f3849b3915309b510a3afaab2f,238058,2026-09-30T05:09:19.219190+08:00
p1/kernel_v66_backup.py,archive/p1/kernel_v66_backup.py,15327014f35805dab78e980c2a5a1913df8d9a74accd8ee7854996be43a62a52,229848,2026-09-30T05:09:19.220318+08:00
p1/kernel_v66_nkconst.py,archive/p1/kernel_v66_nkconst.py,86bcf4c7d5b0fefe479a759c69b4940c08e73b6333aadd261bfb6ae2fe68bb2a,90950,2026-09-30T05:09:19.221295+08:00
p1/kernel_v670a.py,archive/p1/kernel_v670a.py,2cb39752baf20313d470f94bd471dab472144c50700d8d3ad39b0efa76b46dc1,238138,2026-09-30T05:09:19.222417+08:00
p1/kernel_v670b.py,archive/p1/kernel_v670b.py,a93b25fd73e8016cec6a6de17913ec4dc8f87d536f5e5ceb79d12263d13b3d2b,238138,2026-09-30T05:09:19.223542+08:00
p1/kernel_v671a.py,archive/p1/kernel_v671a.py,5cb0d0950bdffc603c7302ba5b4bb702562085b7cac331b30c8510de45a8dbc2,237997,2026-09-30T05:09:19.224653+08:00
p1/kernel_v671b.py,archive/p1/kernel_v671b.py,32292a2a2a0ac6dd44469c91ff0ff460dcb1136fdd21b13835d2b67ae1d13331,237997,2026-09-30T05:09:19.225761+08:00
p1/kernel_v671c.py,archive/p1/kernel_v671c.py,7982c77b976f12ec5e275554652f591d621bf8022b542536e9b132c0ecfa9d4a,238027,2026-09-30T05:09:19.226886+08:00
p1/kernel_v672a.py,archive/p1/kernel_v672a.py,5b303145d711e0b4b83bc8aeef72af349897c28623ae97a415c50c4a3801b28b,240213,2026-09-30T05:09:19.228051+08:00
p1/kernel_v672b.py,archive/p1/kernel_v672b.py,788e5e5eed3def82e95f99fe16a0b1f76cd71364910d4ff58228e414d6e5a17d,240215,2026-09-30T05:09:19.229251+08:00
p1/kernel_v673a.py,archive/p1/kernel_v673a.py,d1ee5d2a9e8e0ca4a66b0b3cbca7d677791595ff0f8296e9045f0ce22f1380e2,240769,2026-09-30T05:09:19.230366+08:00
p1/kernel_v674a.py,archive/p1/kernel_v674a.py,af0431208b84434f45446475c268da05043b39624413933a2efe1d006778d854,241141,2026-09-30T05:09:19.231483+08:00
p1/kernel_v675a.py,archive/p1/kernel_v675a.py,d4c250129e8c222ece098cee145d5e575afa5a765fd95173eb41c93ef90665b7,238667,2026-09-30T05:09:19.232610+08:00
p1/kernel_v676a.py,archive/p1/kernel_v676a.py,f3f3b39afa00cc52a714c04d6d597d853edd10cededd322be54d66c39437121d,237991,2026-09-30T05:09:19.233719+08:00
p1/kernel_v676b.py,archive/p1/kernel_v676b.py,96e1ffe510b7ba3c17b3abe8632249400fc8411d260c16133d10aa07b2b06b9f,237998,2026-09-30T05:09:19.234853+08:00
p1/kernel_v676c.py,archive/p1/kernel_v676c.py,60fdaa5bed9385ee970260633ce6f30cf71e5474007cadc2dea8420cf3231086,237990,2026-09-30T05:09:19.235887+08:00
p1/kernel_v677probe.py,archive/p1/kernel_v677probe.py,3d126da6c422ad512760e4ef5ccf20c3175bedc0481369b77fdb91c791e8a31f,238389,2026-09-30T05:09:19.236955+08:00
p1/kernel_v67_backup.py,archive/p1/kernel_v67_backup.py,d1f3baa71f73580d1dacf4f208aa3edaec84163481f3c3d7bba44366ee2a5277,229850,2026-09-30T05:09:19.238081+08:00
p1/kernel_v67_routeconst.py,archive/p1/kernel_v67_routeconst.py,8337b0ecb4ed32debe712cb3a144f21a8387364e6f2c37b1041b6d16a1899786,90950,2026-09-30T05:09:19.239044+08:00
p1/kernel_v680.py,archive/p1/kernel_v680.py,79bde07685b391b57b2ab9408b0a3f7ee1d5b0d2f9e3c95693fc195e77ac1afd,242728,2026-09-30T05:09:19.240143+08:00
p1/kernel_v681probe.py,archive/p1/kernel_v681probe.py,91890a117e7cf3e7408401dccdc1b932426cce4d2fbf1f28a443a468ef0d3a32,242727,2026-09-30T05:09:19.241254+08:00
p1/kernel_v682probe.py,archive/p1/kernel_v682probe.py,efc94ec0de164f60dd8124a5795e37af563387e8c3b7beda939a5215507a9012,242663,2026-09-30T05:09:19.242389+08:00
p1/kernel_v68_fused_iconst.py,archive/p1/kernel_v68_fused_iconst.py,43d66d20c85820c2fc56e78e6c5dd9d240f9986ace47b64127bb7aa2e4751687,90936,2026-09-30T05:09:19.243404+08:00
p1/kernel_v690a.py,archive/p1/kernel_v690a.py,8187475192efc26777e9b6694776bec17903f1b88eb3b6b94d1d089c4fc0b6a3,238679,2026-09-30T05:09:19.244533+08:00
p1/kernel_v690b.py,archive/p1/kernel_v690b.py,99fa89d6129fcc2864b19e197ba5c04e27fce4ae07513592df719747bbd05bed,238442,2026-09-30T05:09:19.245599+08:00
p1/kernel_v690c.py,archive/p1/kernel_v690c.py,2c9a6cd878e622a1e16b991985845f934603e0126b8055e84ba9da3646fa994f,242702,2026-09-30T05:09:19.246678+08:00
p1/kernel_v691.py,archive/p1/kernel_v691.py,ba1bb23fc61bc5b2fd6ec20db8a8bec9299fab92584fa1f7d19be5d01e1b5f8a,240601,2026-09-30T05:09:19.247735+08:00
p1/kernel_v692.py,archive/p1/kernel_v692.py,40cc52fd0a905db2780026ad6be90886a4afe372c7289c30cc1f031af09d48e0,239137,2026-09-30T05:09:19.248905+08:00
p1/kernel_v693a.py,archive/p1/kernel_v693a.py,235a1f289e2d012f41648932c2cb462a8b871864891c8ab3d241911a2c245707,239547,2026-09-30T05:09:19.250124+08:00
p1/kernel_v693b.py,archive/p1/kernel_v693b.py,289c8b52c4c6c067b6f4e47f8e40085c69cf04b0f8dafb9408ff1487f795b918,239557,2026-09-30T05:09:19.251288+08:00
p1/kernel_v69_down_nconst.py,archive/p1/kernel_v69_down_nconst.py,cbe84ab1cb1243dab910c6c9510b6a43e5a4be4d7747f81bc080a775449b130b,90936,2026-09-30T05:09:19.252249+08:00
p1/kernel_v6_fused_persistent.py,archive/p1/kernel_v6_fused_persistent.py,c39cc94d7ba40b707c771c26398d61014427ca942f196ebf1660dcfab2ae6936,90452,2026-09-30T05:09:19.253247+08:00
p1/kernel_v700_ep.py,archive/p1/kernel_v700_ep.py,6e977eab51bed4646ecb9c7d35fa02e3192f68154bf5d316b1e011a1578cf460,263880,2026-09-30T05:09:19.254491+08:00
p1/kernel_v701_ep_works.py,archive/p1/kernel_v701_ep_works.py,a38818e80e9f7bd9eed85713eadbdd6259cfdb7fd4e1f3285b46a7bacc57341e,263875,2026-09-30T05:09:19.255772+08:00
p1/kernel_v702_eptime.bak,archive/p1/kernel_v702_eptime.bak,4cd89a54e6a7114772385dc1add87112610028a212077d868468148c46b2f81e,265844,2026-09-30T05:09:19.257189+08:00
p1/kernel_v702_eptime.py,archive/p1/kernel_v702_eptime.py,4cd89a54e6a7114772385dc1add87112610028a212077d868468148c46b2f81e,265844,2026-09-30T05:09:19.258445+08:00
p1/kernel_v70_routekconst.py,archive/p1/kernel_v70_routekconst.py,00775cea5fa67ef58b2df8a5cde6554a24f7679b6caed5555b2a87376b1ac9be,90936,2026-09-30T05:09:19.259374+08:00
p1/kernel_v710.py,archive/p1/kernel_v710.py,1814a0dacc0c3adc7f1c5176397b22ddaf7cd1e5471560b466696244d3c2e174,242510,2026-09-30T05:09:19.260742+08:00
p1/kernel_v711_sort.py,archive/p1/kernel_v711_sort.py,3266c75aa566e4c0a6d7238b6df92ea7209f23c850023c945ec8b12a8ef9f9b1,240316,2026-09-30T05:09:19.261956+08:00
p1/kernel_v711a_sort_noechunk.py,archive/p1/kernel_v711a_sort_noechunk.py,04b2c9fffd81f45a2c80a49a1fb366ffaf22525404f5ce40757de9d5a873f4bb,239712,2026-09-30T05:09:19.263126+08:00
p1/kernel_v711b_int32only.py,archive/p1/kernel_v711b_int32only.py,0521e1ba37c2667f9f9d7faf351485866268b796263926d352efa40062e108f7,239288,2026-09-30T05:09:19.265246+08:00
p1/kernel_v712_route.py,archive/p1/kernel_v712_route.py,f8ed96ff420fb9cc3bbfef527674f3f60c5828d27e4557bf995724a2c954c60b,240451,2026-09-30T05:09:19.266681+08:00
p1/kernel_v712b_route_bmonly.py,archive/p1/kernel_v712b_route_bmonly.py,9522268d7d3a2cbeacaa4dc2deb6fa5ebe64749f4c9c320ee30aa683e3f19b25,239891,2026-09-30T05:09:19.267944+08:00
p1/kernel_v713.py,archive/p1/kernel_v713.py,0245a30e0cfd064fda4e6e8b93780333fd2a57680585c928be8c2d56e685a3de,240481,2026-09-30T05:09:19.269190+08:00
p1/kernel_v714.py,archive/p1/kernel_v714.py,4c814a552ec7902327c87791e16f6d875a23acfcafd72fcb3a72ad0b7b6d6ae7,240535,2026-09-30T05:09:19.270514+08:00
p1/kernel_v714b.py,archive/p1/kernel_v714b.py,15bed86f97853a4ec545759892b56d270a10350f9967a2b0e204eca06d2f0c75,240479,2026-09-30T05:09:19.271731+08:00
p1/kernel_v715_dnepi.py,archive/p1/kernel_v715_dnepi.py,614ee3b009c02138a0fd1fc288ae12945ac2b917522b82986a11df1538504a4a,242311,2026-09-30T05:09:19.272937+08:00
p1/kernel_v715b_scaleonly.py,archive/p1/kernel_v715b_scaleonly.py,7a8f63f29387156fc044211f921aef685933d2bdfc6e56f9b6d50fbcc29286e9,241897,2026-09-30T05:09:19.274134+08:00
p1/kernel_v715c_dnstages.py,archive/p1/kernel_v715c_dnstages.py,78cb106a70bf67e9e8b9d3c2d784d58f0a88d810e698c8fc49e813907fbfdcc9,240465,2026-09-30T05:09:19.275276+08:00
p1/kernel_v715c_flatoff.py,archive/p1/kernel_v715c_flatoff.py,587ebd92afef1a02fbdcb6065d148062ac433e7b59c01cf021e3a5ba90e27ca1,242709,2026-09-30T05:09:19.276396+08:00
p1/kernel_v716_mdepi.py,archive/p1/kernel_v716_mdepi.py,b8fafa3792232122e70a35dd655dba6bf5df359fd594148bf8f43c52193a7dd7,242104,2026-09-30T05:09:19.277803+08:00
p1/kernel_v716a_gonly.py,archive/p1/kernel_v716a_gonly.py,1fb7586e6183420ffe5e576a4752842d43fe8452de19a3c36be27bf067ac1105,241105,2026-09-30T05:09:19.279457+08:00
p1/kernel_v716b.py,archive/p1/kernel_v716b.py,f96154cdd29af9195f9cdd674fbcbbd1095b9b12e2a31f2428d4040f8d8e7925,241731,2026-09-30T05:09:19.281069+08:00
p1/kernel_v717.py,archive/p1/kernel_v717.py,bdd73e35d2aafd03494c02a6e347d506b44ebf34a1f8e3621027d56952264b3a,241737,2026-09-30T05:09:19.282295+08:00
p1/kernel_v718.py,archive/p1/kernel_v718.py,4809d325507e59950eaa34f35824aa6be17196bd1b7397a2b9cdb3ff6d851afb,241751,2026-09-30T05:09:19.284491+08:00
p1/kernel_v719.py,archive/p1/kernel_v719.py,11e0431be198fa3da1d5252c3eec9374c0c05c3c57a4e75e7c30d51b955804e9,243778,2026-09-30T05:09:19.285611+08:00
p1/kernel_v71_strideconst.py,archive/p1/kernel_v71_strideconst.py,640b91a284f5197a2243db4e38924e03738261149fec2d0734e4528d99a13927,91118,2026-09-30T05:09:19.286679+08:00
p1/kernel_v720.py,archive/p1/kernel_v720.py,3008088b33d6f25f1a5178a00d31557846f3cc81fddfc37345bfbea6a696134c,244987,2026-09-30T05:09:19.288215+08:00
p1/kernel_v721_ragged.py,archive/p1/kernel_v721_ragged.py,be9437d5ce0757f988421feb6e3b0fabb10827c44263e37d0d94d534eb47c357,255431,2026-09-30T05:09:19.289463+08:00
p1/kernel_v721a_mdonly.py,archive/p1/kernel_v721a_mdonly.py,d00b5a099d4e8479d87281b6833f40bf803b0072f4549c59ac78466353d53202,254979,2026-09-30T05:09:19.290653+08:00
p1/kernel_v722_routefuse.py,archive/p1/kernel_v722_routefuse.py,0deb7be794668d924b8e53d25a34982e4637e921899e8b31a2113ebcff3a196f,248729,2026-09-30T05:09:19.291988+08:00
p1/kernel_v723a1_dn.py,archive/p1/kernel_v723a1_dn.py,fef194b636786279dbad7119d58fb66f71ba3d925f0e3e2c9c3aad425bc2fb49,241934,2026-09-30T05:09:19.293090+08:00
p1/kernel_v723a2_mdg.py,archive/p1/kernel_v723a2_mdg.py,f50a8ef42ee00802cf6468e08d71ef36cda921f0bcaad0878dc52d76b05cc3d5,241934,2026-09-30T05:09:19.294195+08:00
p1/kernel_v723a3_all.py,archive/p1/kernel_v723a3_all.py,6c52e3aaa1e3988fc1dc055930655a7ff6be8c368474fb02f5d5d24a9eda7968,242328,2026-09-30T05:09:19.295297+08:00
p1/kernel_v723ab.py,archive/p1/kernel_v723ab.py,c9244961acb3075e5dbabdc75a53a02d8950dcec4e8902aa720ee47732096ca3,242131,2026-09-30T05:09:19.296502+08:00
p1/kernel_v72_fused_kconst.py,archive/p1/kernel_v72_fused_kconst.py,afc271d48e90b6133ece977c3fd59c99c7df81be01c90b91b7f4a6edd970d027,90908,2026-09-30T05:09:19.297472+08:00
p1/kernel_v732_ascatter.py,archive/p1/kernel_v732_ascatter.py,aa010ac7596caca3924c43fd882130c4fc53d11e22391cd9a77a077eea458b50,242934,2026-09-30T05:09:19.298632+08:00
p1/kernel_v73_down_kconst.py,archive/p1/kernel_v73_down_kconst.py,bf046a3f4a20b61aaa5eba1d4009102506a411184d193876781c57f65a3a99a9,90908,2026-09-30T05:09:19.299695+08:00
p1/kernel_v740_int4w.py,archive/p1/kernel_v740_int4w.py,3e98d4f1922561cfa576858564dd7e8983ba9ce732e68e7cbdc3a9c457de783e,252710,2026-09-30T05:09:19.300938+08:00
p1/kernel_v750_maxnreg.py,archive/p1/kernel_v750_maxnreg.py,3b7da4810fd529faba7eea878e55837e2692975914dc4d5b5a77397e1000ad02,242131,2026-09-30T05:09:19.302233+08:00
p1/kernel_v751_pmrange.py,archive/p1/kernel_v751_pmrange.py,ac5b5ec8ec9a7964bf141525049d5457fc8bb565aea0248c1ab669c41c771fd8,242148,2026-09-30T05:09:19.303442+08:00
p1/kernel_v75_route_topk_logits.py,archive/p1/kernel_v75_route_topk_logits.py,63af746fc5126a11dc128e7340b13dc894230053fa80687d0ce1129c36b085ae,90971,2026-09-30T05:09:19.304402+08:00
p1/kernel_v760_stack.py,archive/p1/kernel_v760_stack.py,78ad6c2492afe53a54e78692f2d3bb443f6d664ced0d6fcc69552e1460ca45f2,246348,2026-09-30T05:09:19.305492+08:00
p1/kernel_v760a_tanh.py,archive/p1/kernel_v760a_tanh.py,dd46bdebb7be2eed2f1ebe1106be258789bde35e4ee6c9421d5756b163f426b9,244035,2026-09-30T05:09:19.306645+08:00
p1/kernel_v761_tanhc12.py,archive/p1/kernel_v761_tanhc12.py,64ad007ceb33e352d4d6add32e1f20a620db76e1da25f104bb9a539f317b357b,244069,2026-09-30T05:09:19.307732+08:00
p1/kernel_v76_topk_bf16.py,archive/p1/kernel_v76_topk_bf16.py,ddaedfabb8bad7f06030672f514427a18c570e9614b38446c179c16871228c26,90991,2026-09-30T05:09:19.308721+08:00
p1/kernel_v770_all.py,archive/p1/kernel_v770_all.py,0ec8af417275556a0eda3efd71023af06195ef662de957b4df796953a91369da,244228,2026-09-30T05:09:19.309900+08:00
p1/kernel_v770a_probe.py,archive/p1/kernel_v770a_probe.py,93b447ace8e62149774a36f7e39932d57f72645dc3642752686b9b739389dc75,252430,2026-09-30T05:09:19.311189+08:00
p1/kernel_v770b_md.py,archive/p1/kernel_v770b_md.py,fd91f394fae95ee7d739976b4978611aead359e53566801dc09617f34e285cc1,243763,2026-09-30T05:09:19.312362+08:00
p1/kernel_v77_down_bk256.py,archive/p1/kernel_v77_down_bk256.py,4293aff3fbcdae60737e5dd9ca3586ac6b1d003ec572da59a42b07c50296049e,91597,2026-09-30T05:09:19.313346+08:00
p1/kernel_v780_ragged.py,archive/p1/kernel_v780_ragged.py,cff5ae59bcbc56230ee7158124293fd072361d53a01c41a92a6d9e5910e7caab,255261,2026-09-30T05:09:19.314530+08:00
p1/kernel_v780a_ragoff.py,archive/p1/kernel_v780a_ragoff.py,a24f39b896bca148f2c77a24dceb7582631fb75d93a2fcaf3b7446fa43c2fdb6,255261,2026-09-30T05:09:19.315726+08:00
p1/kernel_v78_down_tma_bdesc.py,archive/p1/kernel_v78_down_tma_bdesc.py,a18b0423cfa5040c6ef69f6c9a88a2f6f7d93542890bedc7d24caf35d44fec93,94029,2026-09-30T05:09:19.316753+08:00
p1/kernel_v790_acttraffic.py,archive/p1/kernel_v790_acttraffic.py,5935f12ec6a30829866f435107e2607ae71757fb44230939924cd4800a3c3111,249164,2026-09-30T05:09:19.317945+08:00
p1/kernel_v79_down_tma_tritonjit.py,archive/p1/kernel_v79_down_tma_tritonjit.py,c3c0391b69810dd464ac7b119896edb29de918451efac37d00718f7b24e3c189,94024,2026-09-30T05:09:19.319128+08:00
p1/kernel_v7_amax_kernel.py,archive/p1/kernel_v7_amax_kernel.py,6b9ffb80e3b273992b4aacc6ce3fb9fda6cf60fc1b6d4e7d2eb3334b5ffc326b,88464,2026-09-30T05:09:19.320153+08:00
p1/kernel_v800_fuse.py,archive/p1/kernel_v800_fuse.py,99466ba462a9282e3692978037c80c12b3f98463b05feb9d808666fc8ab16e95,257586,2026-09-30T05:09:19.321438+08:00
p1/kernel_v80_down_tma_hostdesc.py,archive/p1/kernel_v80_down_tma_hostdesc.py,07c68f19e8398c64cf8993f4a06661232170f01094a3b9ba7ecdfaf5134bf94e,93666,2026-09-30T05:09:19.322437+08:00
p1/kernel_v811_q6probe.py,archive/p1/kernel_v811_q6probe.py,0a9203ae3ead6c806836f9bceef240ad3507351093b52b1607bed5f15a20de1c,244898,2026-09-30T05:09:19.323644+08:00
p1/kernel_v811a_q6_guonly.py,archive/p1/kernel_v811a_q6_guonly.py,0ad8c0c4fc3e10f4b459cbe32db2264c9c69c86e5f369eefd048b6419c459b1d,244875,2026-09-30T05:09:19.325238+08:00
p1/kernel_v811c_q6_g64.py,archive/p1/kernel_v811c_q6_g64.py,2e240436f3e3966b3d8752d5cc4b625e93980c2f13fe3c6d7bec6fab0e515b2d,244906,2026-09-30T05:09:19.326416+08:00
p1/kernel_v811d_q6_gu_g64.py,archive/p1/kernel_v811d_q6_gu_g64.py,98e95dea0c7e1a0f76de5f0dcaac08531a0520c00aa02ccc7c63779ff024af77,244879,2026-09-30T05:09:19.327513+08:00
p1/kernel_v81_all_tma_plain.py,archive/p1/kernel_v81_all_tma_plain.py,94f054537c1bc6775034a2dab5e808e73eb03b8296782a6c0656da26f7f4a6d9,93675,2026-09-30T05:09:19.328515+08:00
p1/kernel_v820_epi_m2.py,archive/p1/kernel_v820_epi_m2.py,1ae6a4d24b1ce5f6d1be80a2d7afad8a2c85e4f753772781fa18df43491e6d38,252031,2026-09-30T05:09:19.329637+08:00
p1/kernel_v82_fused_tma.py,archive/p1/kernel_v82_fused_tma.py,275473fa17dc25e751820c43932deded24abbd98a6651019bcec2267c22db722,96921,2026-09-30T05:09:19.330792+08:00
p1/kernel_v830_mdlin_c1112.py,archive/p1/kernel_v830_mdlin_c1112.py,736411a42da642756df2a42d5e59375aefe54f95437dca2d8cbd2db773da1dd4,258849,2026-09-30T05:09:19.331931+08:00
p1/kernel_v831_q8maxnreg232.py,archive/p1/kernel_v831_q8maxnreg232.py,216158090b434eeaadc6f581e1e2258ee866c57671a1fae1eb7c4f4c76bcf7b7,258849,2026-09-30T05:09:19.333356+08:00
p1/kernel_v832_mdreg232.py,archive/p1/kernel_v832_mdreg232.py,44b70d137232bc4701857e5679201442b98428bfdced353e62242cd3ce8223e1,258875,2026-09-30T05:09:19.335163+08:00
p1/kernel_v833_tma_s4reg232.py,archive/p1/kernel_v833_tma_s4reg232.py,afb57d9fa5199092dffc3279435f7b429f09c5153dac63667ef126d2aaa5218c,258875,2026-09-30T05:09:19.336549+08:00
p1/kernel_v834_dn_gm8_c1112.py,archive/p1/kernel_v834_dn_gm8_c1112.py,714b3822784f85bd52f5a1c1fdd5b812b84845a60563a5eaefe174b46cc56935,258897,2026-09-30T05:09:19.337892+08:00
p1/kernel_v835_c2md_gm16.py,archive/p1/kernel_v835_c2md_gm16.py,3fb4e0e5d9cae0f567f41357fb313e5e25f70f0a0b693183b21f1c28806e4c62,258877,2026-09-30T05:09:19.339408+08:00
p1/kernel_v836_tiled_c910.py,archive/p1/kernel_v836_tiled_c910.py,d849cd97cc8a44e79d1cf42c76beff276410032c2af7f64c3f80586de5974de7,275183,2026-09-30T05:09:19.340688+08:00
p1/kernel_v837_c8_g_s4reg232.py,archive/p1/kernel_v837_c8_g_s4reg232.py,81d994bea8e0a22e8cd95d7b5dfe7a519a95968d822be54bcddaa7d0423f7f91,275284,2026-09-30T05:09:19.341953+08:00
p1/kernel_v838_c6_dn_gm8.py,archive/p1/kernel_v838_c6_dn_gm8.py,96f7b2cb40e0ddc2c8d6af53be43e51e32380538714fd6413b8b008823e324b0,275322,2026-09-30T05:09:19.343115+08:00
p1/kernel_v839_c6_dn_s3.py,archive/p1/kernel_v839_c6_dn_s3.py,843edd1f0c13650d61af0cea390804f3b561915994feaabf56f9f37d0f37564d,275360,2026-09-30T05:09:19.344403+08:00
p1/kernel_v83_tma_s4.py,archive/p1/kernel_v83_tma_s4.py,2151362f3726b6244929f245258d6f6d253d91740815018de863ea74672a40b8,93666,2026-09-30T05:09:19.345343+08:00
p1/kernel_v840_c4_dn_s3.py,archive/p1/kernel_v840_c4_dn_s3.py,ae961a07a7c1ca61385632673b2dc649f9635fe6e364322a990017ad341b4671,275398,2026-09-30T05:09:19.346700+08:00
p1/kernel_v841_gq_nw2_c1112.py,archive/p1/kernel_v841_gq_nw2_c1112.py,0f07305bfe3f551fa8700db8950f2e01d6821b74bc126fbd827eece0bbcd3543,275418,2026-09-30T05:09:19.348254+08:00
p1/kernel_v842_sort_nw4_c1112.py,archive/p1/kernel_v842_sort_nw4_c1112.py,5cfd6a80d066d8a729ff1b6741541c1c70df7df75eeffe40c67440d4fe962a3c,275458,2026-09-30T05:09:19.349660+08:00
p1/kernel_v843_direct_invpad.py,archive/p1/kernel_v843_direct_invpad.py,a6442ca8d4a717f2e52b4769b697c623c125ab0fd62ce1bf7d859c25d6dcca07,287464,2026-09-30T05:09:19.350988+08:00
p1/kernel_v844_packed_compact_c910.py,archive/p1/kernel_v844_packed_compact_c910.py,d1f1e0697c3e99a86f3d34bea6509755be6f70470a2373ec0bd355819c671f9e,290138,2026-09-30T05:09:19.352279+08:00
p1/kernel_v84_tma_cstore.py,archive/p1/kernel_v84_tma_cstore.py,675a5b8bc020e6917367dea9ded47299f2ea0639f6cfec5dd58a019bc014df29,93912,2026-09-30T05:09:19.353269+08:00
p1/kernel_v85_tma_bn128.py,archive/p1/kernel_v85_tma_bn128.py,f53befdbdca2ad3716d84f21513c1d19abd3d3ddaf0e72752f997ba56bceba4b,93666,2026-09-30T05:09:19.354300+08:00
p1/kernel_v86_swiglu_act_cache.py,archive/p1/kernel_v86_swiglu_act_cache.py,9d12ac5f54f7b38c064be6c074d1149b13a07225049eaf3b568696fb85c6027a,95249,2026-09-30T05:09:19.355403+08:00
p1/kernel_v87_tma_ab.py,archive/p1/kernel_v87_tma_ab.py,891e83f7cb637cd959c43c84754901dd81a9dc007ae04a1eb2b43d901cf25ed5,93960,2026-09-30T05:09:19.356834+08:00
p1/kernel_v882_padded_static_dn.py,archive/p1/kernel_v882_padded_static_dn.py,f54ff731cb5ae8193e992c9cddf42f0390b14bc6add1d18ced300db9d956af69,296467,2026-09-30T05:09:19.358562+08:00
p1/kernel_v88_tma_contig.py,archive/p1/kernel_v88_tma_contig.py,be2dd3cceee4211b8b04eaa3704f429fb4ffe43c4d087b257fbee3ca09a02e33,96347,2026-09-30T05:09:19.359742+08:00
p1/kernel_v890_fused_delta.py,archive/p1/kernel_v890_fused_delta.py,436f0a227678eb9caa255627837727f066884bbeb4bd4a0a829d08155353c8fc,297139,2026-09-30T05:09:19.361230+08:00
p1/kernel_v890_fused_delta.py.bak_before_v926_20260930,archive/p1/kernel_v890_fused_delta.py.bak_before_v926_20260930,436f0a227678eb9caa255627837727f066884bbeb4bd4a0a829d08155353c8fc,297139,2026-09-30T05:09:19.362592+08:00
p1/kernel_v89_tma_case2gather.py,archive/p1/kernel_v89_tma_case2gather.py,00c74c49adddbcbfdb1f5397f3576b4c60f5a376d7a3fbf8d0f3b6ba33e82eb9,94186,2026-09-30T05:09:19.363620+08:00
p1/kernel_v8_int32_sort.py,archive/p1/kernel_v8_int32_sort.py,447bdf1e551d147cd9435a18897f1770d43d331b60b7553cff20d445fe3b3d16,87873,2026-09-30T05:09:19.364584+08:00
p1/kernel_v90_tma_s2.py,archive/p1/kernel_v90_tma_s2.py,fb6be1bab236742d3496ec2f4b8933511e5c624e0af80cd8f47d0a6837894714,93666,2026-09-30T05:09:19.365555+08:00
p1/kernel_v92_tma_flatten.py,archive/p1/kernel_v92_tma_flatten.py,8a81f41c445aba905748da8c33e6263bf2cc2fde1eff35753606006fd62d6324,93683,2026-09-30T05:09:19.366635+08:00
p1/kernel_v93_tma_warpspec.py,archive/p1/kernel_v93_tma_warpspec.py,5b9ff8b88e8a982a5ac18bb2157803ce3a3d7567dd52cede5fa6bca28c7f4adc,93708,2026-09-30T05:09:19.367711+08:00
p1/kernel_v95_rowscale_fp8.py,archive/p1/kernel_v95_rowscale_fp8.py,d4b0dc1a22688e3a7a2863a0ba1bcb73de5e9c09b662c4d5bf786d7049db776c,98052,2026-09-30T05:09:19.368698+08:00
p1/kernel_v96_rowscale_flatten.py,archive/p1/kernel_v96_rowscale_flatten.py,dff8afd1426a986ec391fd9806dedebb990152c4696fc544ffcbd0899cb16446,98086,2026-09-30T05:09:19.369629+08:00
p1/kernel_v97_case2_row.py,archive/p1/kernel_v97_case2_row.py,3b24cd3851128f17648a9a6e322dd3d12203a7f45d71562dad29706f521a9fb5,100121,2026-09-30T05:09:19.370600+08:00
p1/kernel_v98_token_row.py,archive/p1/kernel_v98_token_row.py,2c8204026ecea36158b62d2a04c566918a4c7e4c0f8d36b8cac42f8cb98f71f7,102777,2026-09-30T05:09:19.371565+08:00
p1/kernel_v99_case2_token_row.py,archive/p1/kernel_v99_case2_token_row.py,1b312edfa37bf85155ec55d491a0d27285b3ea663416aaa220851930b7e3d145,106331,2026-09-30T05:09:19.372535+08:00
p1/kernel_v9_bf16_persistent.py,archive/p1/kernel_v9_bf16_persistent.py,07b02d5715a305358f1cc904d51ef9b70b56a64cb803f9921eae960b7f297eb2,90502,2026-09-30T05:09:19.373512+08:00
p1/kernel_variant_bf16_th10.py,archive/p1/kernel_variant_bf16_th10.py,6dd41862879b5caf7d34e1b662d8eb70d7dac8fb321b0c8d25d0d0faec6390dc,17720,2026-09-30T05:09:19.374400+08:00
p1/kernel_variant_bn128.py,archive/p1/kernel_variant_bn128.py,49416c978cfb1d597cc9a4882ddd04f861e5637bcf23d3f5b0cc50ea3d98c8fc,17848,2026-09-30T05:09:19.375510+08:00
p1/kernel_variant_empty_branch.py,archive/p1/kernel_variant_empty_branch.py,c588446cd9787f7a72c4d02fd04371a4f1f1a89077f87bcc2542f76fef4406f1,17753,2026-09-30T05:09:19.376557+08:00
p1/kernel_variant_group1.py,archive/p1/kernel_variant_group1.py,3866c55aafd777937a39ea429af647bd56385328bef52ae71e0e0f4983bdf1c9,17840,2026-09-30T05:09:19.377419+08:00
p1/kernel_variant_num_sms132.py,archive/p1/kernel_variant_num_sms132.py,278c822084a87ac4fb97b5e1a8079552f8678a5bb87189f06df25fd1833c169d,17828,2026-09-30T05:09:19.378362+08:00
p1/kernel_variant_route_w4.py,archive/p1/kernel_variant_route_w4.py,b82820377b0c4598ed30162da7f8fd12322c1c8213ecf23d1c2ab1de7a4119d9,17720,2026-09-30T05:09:19.379324+08:00
p1/kernel_variant_stages2.py,archive/p1/kernel_variant_stages2.py,4728c0fceba10a8aa68822e7800737eea8493d764956b37be88262ae7df12a3a,17832,2026-09-30T05:09:19.380174+08:00
p1/kernel_variant_swiglu_bn256.py,archive/p1/kernel_variant_swiglu_bn256.py,7037606c53f3786f6dc270c746b72e1a6ab9f15dcd83cbb1fc80590e3569635e,17710,2026-09-30T05:09:19.381055+08:00
p1/kernel_w16.py,archive/p1/kernel_w16.py,ef9795718c6bfc4c4a9bf81c2ba484ac1f5a3e4fa87f72b0f8c87c1f5e962026,195834,2026-09-30T05:09:19.382233+08:00
p1/kernel_window.py,archive/p1/kernel_window.py,ba28b057e6da5a5ae3abb0cc2c054f57697ca5b9839c8694929d02751747f317,196063,2026-09-30T05:09:19.383439+08:00
p1/kernel_window2.py,archive/p1/kernel_window2.py,0940f7b4e3333de157ae3cf1ad884cb1686e95e8606e944c675b4bf357dea8f7,195946,2026-09-30T05:09:19.384658+08:00
p1/probe_1exp.py,archive/p1/probe_1exp.py,d5f5c72101d5a1bc6c9adfc009006fd8e8fee28b7f5378d1bee305b3c16964b6,181283,2026-09-30T05:09:19.385902+08:00
p1/probe_1expb.py,archive/p1/probe_1expb.py,4ec270b137d3eb2392a8c05721c8092b1a92b7c9269993784648aeba596453ae,181284,2026-09-30T05:09:19.387238+08:00
p1/probe_a2abw.py,archive/p1/probe_a2abw.py,2f4a46ba0535b2a89391d9514ae6bb146c84e4b5a62ed05c1d4c6be0a9108aad,153082,2026-09-30T05:09:19.388695+08:00
p1/probe_acgate.py,archive/p1/probe_acgate.py,82e2081ae6953da82fcc4dbab0a9fe764b822e867462e8de39c0288428ac71e4,191207,2026-09-30T05:09:19.389909+08:00
p1/probe_achit.py,archive/p1/probe_achit.py,6766e86f97312983775e5805d60da8e788bb0a65185d3027126eef35d6027be2,191139,2026-09-30T05:09:19.391039+08:00
p1/probe_achit7.py,archive/p1/probe_achit7.py,c24f50b12e1b04cebb745996ec414f1a388613cbb3fa5c212b2a77c1160fdbfb,190997,2026-09-30T05:09:19.392208+08:00
p1/probe_actsparse.py,archive/p1/probe_actsparse.py,8f14852cc74e40fe784c4dc10f38628aedc945f9d4a58e21b3062ff493c8e776,153908,2026-09-30T05:09:19.393316+08:00
p1/probe_agg.py,archive/p1/probe_agg.py,9a08c1704ccf036150d79c748cbec3f280b53bca102889c660c05014df321c72,125196,2026-09-30T05:09:19.394408+08:00
p1/probe_audit.py,archive/p1/probe_audit.py,2df915237473c470cf50199c6930b3cebc4def3651b4ead019e911623bcb15fe,166152,2026-09-30T05:09:19.395605+08:00
p1/probe_audit2.py,archive/p1/probe_audit2.py,48edc69519f7f50c8e6069977c4d14c6e775486dd30083c084495bf9460cda9c,168056,2026-09-30T05:09:19.396858+08:00
p1/probe_barrier.py,archive/p1/probe_barrier.py,c4c1857e36df9fa63487d43164ee6c42a648d86dc4f3c3fd7d7273347bc3570b,169345,2026-09-30T05:09:19.398031+08:00
p1/probe_bf16a.py,archive/p1/probe_bf16a.py,eb7e44033dabf3d29f05d5eb6b745723aa30125ef8df12687ad84f089a81f107,169514,2026-09-30T05:09:19.399069+08:00
p1/probe_bf16a2.py,archive/p1/probe_bf16a2.py,40b229ef19526180140e0b81bbeaf7eacfac7530a5c0638a1a4f867586a8f182,157024,2026-09-30T05:09:19.400221+08:00
p1/probe_bk256.py,archive/p1/probe_bk256.py,5a989f02f9ba5ea821029ab71b5e7f7757b904aecc82a4c3cbeb977aee0f94da,193979,2026-09-30T05:09:19.401405+08:00
p1/probe_bkdeep.py,archive/p1/probe_bkdeep.py,f5efabce9aa684db4c3fa0c9a869b4630c541aff68597dc33dfb3547bb9712b4,171261,2026-09-30T05:09:19.402598+08:00
p1/probe_bksweep.py,archive/p1/probe_bksweep.py,6f6e68b9a4c9345f2feb6c2c7e5b29d0d776c76fbbbba3a133d79b393d56d2ce,138797,2026-09-30T05:09:19.403668+08:00
p1/probe_bksweep2.py,archive/p1/probe_bksweep2.py,a436cac41cacd6ad5e66c614915edc2c7aca2e6c5ed9317f3875dc2eac1b6b23,151422,2026-09-30T05:09:19.404987+08:00
p1/probe_bm256.py,archive/p1/probe_bm256.py,587030095ebc37371a6da971f3742c15aec4b2cd017a8aa145a09ae502165984,158950,2026-09-30T05:09:19.406243+08:00
p1/probe_bm256d.py,archive/p1/probe_bm256d.py,4fdef3104fb04aa3d47f037b8731f65ec6e141c1b230fc11917e8d81dda2e274,158323,2026-09-30T05:09:19.407333+08:00
p1/probe_bm256g.py,archive/p1/probe_bm256g.py,d4c64a5a293c275bed61e5bc42aa29b900e7f14ebb36ddf868a3ed14a33d5e7f,158406,2026-09-30T05:09:19.408498+08:00
p1/probe_bm64.py,archive/p1/probe_bm64.py,55e29091c83850ed033105c2d1350724ba2bae8d5fa055f71df76a0b47981c06,181504,2026-09-30T05:09:19.409680+08:00
p1/probe_bm64b.py,archive/p1/probe_bm64b.py,57e9195d18aaabff15fb899bb125eebc07a6a7f151a413817af6ee2b5c235071,184037,2026-09-30T05:09:19.410863+08:00
p1/probe_bm64c.py,archive/p1/probe_bm64c.py,28b6ffe4f78d01aecb94f757b58ff26b1f04173c6c66ed57b4743ca358d5f206,184037,2026-09-30T05:09:19.411911+08:00
p1/probe_bmsweep.py,archive/p1/probe_bmsweep.py,e8c3e40a0b61cd06fd26a4f2f34b4ba652da96eef45c62a325b556769d8fbc50,194780,2026-09-30T05:09:19.413123+08:00
p1/probe_bnsweep.py,archive/p1/probe_bnsweep.py,77d65a9020bff74dbaf0cd62cba11191337e229db109910fc3ff6b45de965a2d,193705,2026-09-30T05:09:19.414290+08:00
p1/probe_bnsweep2.py,archive/p1/probe_bnsweep2.py,ab9c2c3e838b74ca2082e21dea630e4966013d24d7f8982a13282fa895c576bb,193714,2026-09-30T05:09:19.415411+08:00
p1/probe_c2ghost.py,archive/p1/probe_c2ghost.py,27042edc100b2caf0802336dc112dfb9faf4011acf90e5a4a1b32c650400f8a7,136967,2026-09-30T05:09:19.416550+08:00
p1/probe_cachedir.py,archive/p1/probe_cachedir.py,d42b5d95c373023a527a0546300da24459ddc3a487540b57af92d714a3937cc5,125689,2026-09-30T05:09:19.417739+08:00
p1/probe_cachedir2.py,archive/p1/probe_cachedir2.py,adb86d28b44a5048258cab619d652763786f2898418d6bd9b7cbc99cca8788d5,125679,2026-09-30T05:09:19.418856+08:00
p1/probe_call2.py,archive/p1/probe_call2.py,e9e5c1c26e1175c0b18007925f589df783a7c06393106d0d2c667c1cb51bd38f,178996,2026-09-30T05:09:19.420381+08:00
p1/probe_call6.py,archive/p1/probe_call6.py,931a5452c9ad5d13f95119641a84ece298c0c98463d37c0ade129a8ee260f41c,190625,2026-09-30T05:09:19.421930+08:00
p1/probe_capcfg.py,archive/p1/probe_capcfg.py,3887dc62564fcb8a16ccc303915aab5eb896fea58c9bcf49596b539f82145e85,193912,2026-09-30T05:09:19.423339+08:00
p1/probe_csmod.py,archive/p1/probe_csmod.py,34e9ebfcbb44fa5f9490471183d806db2b017754894e63f39c1efc5a2ea79c51,167679,2026-09-30T05:09:19.424621+08:00
p1/probe_ct.py,archive/p1/probe_ct.py,adae268fc2c06d9b7614aca7b49aa5c9ebf03b1ac6cde8b012de195832243216,191289,2026-09-30T05:09:19.425731+08:00
p1/probe_ctas.py,archive/p1/probe_ctas.py,c9df8e6cb0eade259dafabad546c589cf9bcca38800eaca820a4439bf531cb19,173121,2026-09-30T05:09:19.426996+08:00
p1/probe_ctasweep.py,archive/p1/probe_ctasweep.py,12e7b8739a37ae1a1d4482bad7bfe4b69a5b5673ebf2a1628b98a02c4e34f955,151211,2026-09-30T05:09:19.428118+08:00
p1/probe_cuda_stream.py,archive/p1/probe_cuda_stream.py,37e3d6bfd7d767d99d425972b837af326b7c574f1da1526b19faadad24ab7dd0,403,2026-09-30T05:09:19.429112+08:00
p1/probe_cudagraph.py,archive/p1/probe_cudagraph.py,e474535700819cd9529d49bf1fe5eb6b638473a7aa90acfe0dc2994f203958ac,118987,2026-09-30T05:09:19.430211+08:00
p1/probe_dgq.py,archive/p1/probe_dgq.py,8f8d1ab2551f0c83e92cff839950fd257c6573be59489a5a907390f803181e28,160176,2026-09-30T05:09:19.431268+08:00
p1/probe_diag2.py,archive/p1/probe_diag2.py,c0e9aa59262987fc7015637250b3c63f5674f9edf8917ac93488566d4d321462,152060,2026-09-30T05:09:19.432393+08:00
p1/probe_dnf8cfg.py,archive/p1/probe_dnf8cfg.py,df618b01d63b787605f895c79f5e241643bb0e8901ba1a980c03293f721e2d00,175782,2026-09-30T05:09:19.433499+08:00
p1/probe_dnfa.py,archive/p1/probe_dnfa.py,630dcb6a9b148b6ed4b628ea3e517b29eeac9e6e57818d20a02725ce2f830a3e,172121,2026-09-30T05:09:19.434660+08:00
p1/probe_dnpf.py,archive/p1/probe_dnpf.py,25e71d13a68dbcd1e24f1db12547ecb217e6da8d958e520a4ce92d477cb0bb43,172411,2026-09-30T05:09:19.435871+08:00
p1/probe_dnsweep.py,archive/p1/probe_dnsweep.py,7a317b5b46e579cf82fd82a10e159fc524e4f28f43fa4a9aba425af004e7d9d4,153544,2026-09-30T05:09:19.437051+08:00
p1/probe_dnws.py,archive/p1/probe_dnws.py,7ae9e5bd57de41493ee34f146d203118b8a36d1ff082e0caa91cf3e33643421f,175847,2026-09-30T05:09:19.438257+08:00
p1/probe_ds2.py,archive/p1/probe_ds2.py,d518773405e87b8197d92a62dc91b3a05dcaaf175e25787cab3b0cd7b682cc8b,169680,2026-09-30T05:09:19.439326+08:00
p1/probe_ds2b.py,archive/p1/probe_ds2b.py,d1671d12c90fbc3013c2b2175e49370ffa47851e1dff883d31231841ef15bba4,169669,2026-09-30T05:09:19.440531+08:00
p1/probe_e16sweep.py,archive/p1/probe_e16sweep.py,5209408f3a3a0e089b2fb5da1628aea893a2d136527ed035d6d69eac36f5b0dc,154743,2026-09-30T05:09:19.441614+08:00
p1/probe_f16acc.py,archive/p1/probe_f16acc.py,ce7d25f132b6399aa8879b4035c01a443172df7b6ef4bad24db821f39a009cd1,133072,2026-09-30T05:09:19.442769+08:00
p1/probe_fastacc.py,archive/p1/probe_fastacc.py,51abae390a00561beff57892a2a098cc6c6d62785a77263e67a635da9984fba5,173222,2026-09-30T05:09:19.443851+08:00
p1/probe_fgsanat.py,archive/p1/probe_fgsanat.py,7f103a0f095255f73eb2dacb45925443817d8329e910b75b1ae6fa5bbacc74be,177778,2026-09-30T05:09:19.444986+08:00
p1/probe_fgsanat2.py,archive/p1/probe_fgsanat2.py,227dcdc1800c514deeb124041dbffc3c1cacf79320e84b7a531a6a2bfa5e92ac,177772,2026-09-30T05:09:19.446070+08:00
p1/probe_fgsmerge.py,archive/p1/probe_fgsmerge.py,f4420ed0783a1c9aa64c4bda77a96143dc6fb6c1d64cbe6a8a4083fadbc2c7d1,172699,2026-09-30T05:09:19.447232+08:00
p1/probe_fgssweep.py,archive/p1/probe_fgssweep.py,2407ab4436a6d9806bfda95a0f83abab25c6e2b1bea85c669fa7e3028ff5bc61,173473,2026-09-30T05:09:19.448638+08:00
p1/probe_fgssweep2.py,archive/p1/probe_fgssweep2.py,015fb2073870549423e68eaeac09fd8cd38d6377bce244bbf504e4ac663e5d97,176922,2026-09-30T05:09:19.449827+08:00
p1/probe_fincfg.py,archive/p1/probe_fincfg.py,c22f4e1aeff0b89ef711e26509fe7f77ade4bed634089f15dd1e6a8fcba7eace,179860,2026-09-30T05:09:19.450984+08:00
p1/probe_finsweep.py,archive/p1/probe_finsweep.py,de95f6fd76edcf7ecc49bb89b22e674d81659880f53b6352c8a0a003521da1b0,152696,2026-09-30T05:09:19.452116+08:00
p1/probe_finsweep2.py,archive/p1/probe_finsweep2.py,0498cec776e4f2a75fbc7b25cf300b0a2f1eb3a5fd71704c0c330b28a5c7accb,156242,2026-09-30T05:09:19.453132+08:00
p1/probe_finsweep3.py,archive/p1/probe_finsweep3.py,6e2fcb932390aa4118e7fd4422dcb656ed78bf7b2615d47af2295e93a670500f,156123,2026-09-30T05:09:19.454147+08:00
p1/probe_fullgraph_call2.py,archive/p1/probe_fullgraph_call2.py,3ca8291d1d6e34f93baf85beb8374d9b8790e8bb0443360413146652fb4c8459,122301,2026-09-30T05:09:19.455158+08:00
p1/probe_gmfam.py,archive/p1/probe_gmfam.py,483a4d8ab8f48cbedc3dab24a7b09f422c0d638a723b2486dc5a142001022abc,192323,2026-09-30T05:09:19.456433+08:00
p1/probe_gqcfg.py,archive/p1/probe_gqcfg.py,0ea9b12b0c1ccb760eea8c4265365b58f2a31c4c9715361e5d044dc984c32772,179718,2026-09-30T05:09:19.457614+08:00
p1/probe_gqsweep.py,archive/p1/probe_gqsweep.py,171bbca28152c6ee9d8b54b621a8d8c6674cf7550fe49529b4f3f650d0564f4c,165588,2026-09-30T05:09:19.458701+08:00
p1/probe_gu2sweep.py,archive/p1/probe_gu2sweep.py,273ef360a7b8f54cfdc32d3483af02ba3c50445682f867fd7550d67168e191ec,156600,2026-09-30T05:09:19.459760+08:00
p1/probe_gusweep.py,archive/p1/probe_gusweep.py,354a94b136373e655c63ac6006b1d88ee696cfaa904f3cd9a33903c035610721,153601,2026-09-30T05:09:19.460818+08:00
p1/probe_half1.py,archive/p1/probe_half1.py,3cb4e5012a1e9a0b9727f2ec1e6383ec4ce15ca8cd9674eef0851771921c9ed4,127737,2026-09-30T05:09:19.461819+08:00
p1/probe_half2.py,archive/p1/probe_half2.py,e7b7b1f535c62692e054e2fc1596f70f176f40f2618c82e24dd02141a35d48f0,127737,2026-09-30T05:09:19.462868+08:00
p1/probe_healcheck.py,archive/p1/probe_healcheck.py,410549b86efb6e3ec83d698c9ecdc4b732ad2f1a065effef118ac5f3cc7e3b35,125522,2026-09-30T05:09:19.463887+08:00
p1/probe_healcheck2.py,archive/p1/probe_healcheck2.py,6c69d36f886217a6c9a06dbeb2a5c0220230e1b2f6f312283c5036ec54032d09,125522,2026-09-30T05:09:19.464895+08:00
p1/probe_hints.py,archive/p1/probe_hints.py,a98c9f86f0a03f48c0feba8563bb5b91d3acba470a117314e92f7cf84603b183,172849,2026-09-30T05:09:19.466067+08:00
p1/probe_hints_b.py,archive/p1/probe_hints_b.py,ce198c8c0236c4057f4b108592ee32847ade7a262b86d74d066d26f4d4c401af,172789,2026-09-30T05:09:19.467206+08:00
p1/probe_hostonly.py,archive/p1/probe_hostonly.py,4d5041ef604ce5a46cfcd622fe09191a2bdbb2a6953cb5381c588dd76d18646b,124925,2026-09-30T05:09:19.468306+08:00
p1/probe_int16.py,archive/p1/probe_int16.py,14e1847ed1a8404aca62e6090a40c7ec7dbc6bbd517614e462a9ce0b6a4a5a6f,192648,2026-09-30T05:09:19.469378+08:00
p1/probe_intatom.py,archive/p1/probe_intatom.py,e4c90ce8b4e1dfe23fa5a0bec527d1b4b57d2a319328ef052a96dc8f63f4f665,172789,2026-09-30T05:09:19.470537+08:00
p1/probe_intatom1.py,archive/p1/probe_intatom1.py,1b35f092b8766a5de18ae01090c5903c48bf4d6fe7fdc57801683b5dc509b9b1,172679,2026-09-30T05:09:19.471739+08:00
p1/probe_intcfg.py,archive/p1/probe_intcfg.py,fea10280e8ad0ff934808908c104a197ad0c92414d899a742402b5e8f88ff306,192340,2026-09-30T05:09:19.472805+08:00
p1/probe_intgm.py,archive/p1/probe_intgm.py,9a038d5f0e3a71bfc0bf5f752d3287f4843e4e698fed03825a060773f60c4b11,168450,2026-09-30T05:09:19.473963+08:00
p1/probe_intlv.py,archive/p1/probe_intlv.py,e7ba79a410d8af2338d0df29d7b5fbbdd7a4b9002ec65b8032e63aa013386f0d,161470,2026-09-30T05:09:19.474966+08:00
p1/probe_intlv1.py,archive/p1/probe_intlv1.py,a984617fcec1f170945b23c4d4615d738e4b8a6a31c060f6998878b5561e34ce,161524,2026-09-30T05:09:19.476185+08:00
p1/probe_intwarp.py,archive/p1/probe_intwarp.py,ec42e19cb686206d8e43259dca55ba25ec4e2d4c68ab60586e0706918fc3ba27,192341,2026-09-30T05:09:19.477528+08:00
p1/probe_iter2slow.py,archive/p1/probe_iter2slow.py,8b543c5905686c9632cd45ee41ef7dc0c38594941f2b620ff01b93e6b4f2ee8b,178996,2026-09-30T05:09:19.478945+08:00
p1/probe_kbisect.py,archive/p1/probe_kbisect.py,a3426a2a960f9eff06c7d4f182dc72f970e1ec3195645ef414de572a30d649a9,130607,2026-09-30T05:09:19.480223+08:00
p1/probe_maxnreg.py,archive/p1/probe_maxnreg.py,1fe71097324acce9b8418730c3531673aa51fe147560ae72265a1b0ba090b16a,192064,2026-09-30T05:09:19.481513+08:00
p1/probe_maxnregdn.py,archive/p1/probe_maxnregdn.py,342962c80b1285203a1c9f4cd095cdf8f3db473f4b1d34c1baaddaf6832e25e4,195374,2026-09-30T05:09:19.482564+08:00
p1/probe_md1k.py,archive/p1/probe_md1k.py,a2c9ec9b42bef7576c6617001f9e67d9ef12d718796de4a41cee8e4233211a0d,167507,2026-09-30T05:09:19.483734+08:00
p1/probe_md2.py,archive/p1/probe_md2.py,db93284af01d15268e02ec0b8acbabefe9c23f87b582a3f4ed830831f06649d5,166482,2026-09-30T05:09:19.484835+08:00
p1/probe_mdempty.py,archive/p1/probe_mdempty.py,c628de0206d0ffe88be767f12f06c3d39233738e2e377d101444698036d3edd2,157264,2026-09-30T05:09:19.485896+08:00
p1/probe_metagraph.py,archive/p1/probe_metagraph.py,a15a6f7b307d3e08365b68b95b4ef998d99e593d5c3bbae7dafaebf18d295db8,119185,2026-09-30T05:09:19.486830+08:00
p1/probe_moe_dir.py,archive/p1/probe_moe_dir.py,df6d59c13f4d8eb641bec30e33ba69f7479237553e8d91957d8f50455a52f2aa,527,2026-09-30T05:09:19.487751+08:00
p1/probe_moe_kwargs.py,archive/p1/probe_moe_kwargs.py,dd2a2bae13ec58da4626868facc07f01b8eb2bd8998b24e938bb6408fe72d620,1133,2026-09-30T05:09:19.488629+08:00
p1/probe_moe_sig.py,archive/p1/probe_moe_sig.py,fb7005c7f6c15069bbd44bbdc5f1bcc53e13c7dd4b4766e41e9a12f0e0d91d8c,972,2026-09-30T05:09:19.489400+08:00
p1/probe_multisweep.py,archive/p1/probe_multisweep.py,379b20a4f403f6dc953bc43038b872b98cab1c165394ee1af74fd5b6d655392e,130831,2026-09-30T05:09:19.490400+08:00
p1/probe_occ.py,archive/p1/probe_occ.py,8c104b022a9140a63c7a2fa894e48a99086c595116acbd0eede3fb4a794e989d,171334,2026-09-30T05:09:19.491473+08:00
p1/probe_pf.py,archive/p1/probe_pf.py,13ffe0753ab2cdad9da07fe7f258fc8e41d0181c4b7802f84e6bb55e89af8d9e,173480,2026-09-30T05:09:19.492627+08:00
p1/probe_pipegraph.py,archive/p1/probe_pipegraph.py,01240766da4c9b1619c933c9daf45e4de8ba5f75c1246c2fd1ae706e45219d9b,126383,2026-09-30T05:09:19.493612+08:00
p1/probe_prune.py,archive/p1/probe_prune.py,47486b7070f7e6cd6d08cf3bf3d8ed4564d4cc351f341070f23b3e2503247915,152111,2026-09-30T05:09:19.494782+08:00
p1/probe_prune2.py,archive/p1/probe_prune2.py,379f7b25c20137f391dc8af604f2a894e025e63e7771c921c7e69d0f577e38c7,152136,2026-09-30T05:09:19.495890+08:00
p1/probe_qd2.py,archive/p1/probe_qd2.py,2a7b88e70757fa70eb8266f0d48c3fc11434245d02f9715159d6f837d4f2f62d,167058,2026-09-30T05:09:19.497034+08:00
p1/probe_qrsweep.py,archive/p1/probe_qrsweep.py,1c9addbde236ba584e0faaf4823d0c8f03d843d47d18a257cb92c445d88f1ab5,154020,2026-09-30T05:09:19.498069+08:00
p1/probe_recfg.py,archive/p1/probe_recfg.py,9b1baa1b9bfec763012f8aca46a81f429836f7785dd51d1fab8b6fcaed90079f,181803,2026-09-30T05:09:19.499167+08:00
p1/probe_recfg2.py,archive/p1/probe_recfg2.py,c855b93998f8301e2c9cc96bbb43a2e7faae1876331f7655d7dfbfc7e8c258a6,182924,2026-09-30T05:09:19.500180+08:00
p1/probe_recovery.py,archive/p1/probe_recovery.py,18c543638206419e227ce25d0094f5560e87670864dae38944d6d15693d1cf2c,124927,2026-09-30T05:09:19.501293+08:00
p1/probe_replnoop.py,archive/p1/probe_replnoop.py,60909d586064f0153c5001f6a2f40d0d2c2274ede6931b709c6dc1df64ce18f2,124928,2026-09-30T05:09:19.502409+08:00
p1/probe_routesweep.py,archive/p1/probe_routesweep.py,ba5708534029dfd4d1342306f179fb40679f0cd620ffb2009af0ceec7799b87c,153246,2026-09-30T05:09:19.503439+08:00
p1/probe_shapes.py,archive/p1/probe_shapes.py,ec52cf2db7652973130bfdc29736f42e0157649e1d315b93d0144c0a98169f87,558,2026-09-30T05:09:19.504237+08:00
p1/probe_shmem.py,archive/p1/probe_shmem.py,e22c71b012b626e013421178b254827decff137b96325675d4f3584df4a7d538,388,2026-09-30T05:09:19.505057+08:00
p1/probe_smm.py,archive/p1/probe_smm.py,57e7d75c5142015bab58c178ae8bd0cb553eff4938064da3b8cf8822510e3f39,169783,2026-09-30T05:09:19.506288+08:00
p1/probe_sortsweep.py,archive/p1/probe_sortsweep.py,81f7db8ab0586ee464ddb23d3866dababc83d6fa68a8efd4a85bf0aa1a21e87c,166430,2026-09-30T05:09:19.507310+08:00
p1/probe_split.py,archive/p1/probe_split.py,0c1e4b5a8ef68eb618ed3e7bdd610ba043117a3a4b43ab13b3378fcd947960cd,171437,2026-09-30T05:09:19.508429+08:00
p1/probe_split2.py,archive/p1/probe_split2.py,b2b5349b2d2622854721b590eca0a4a797c4480d0ab5188e40500c0632236df0,171406,2026-09-30T05:09:19.509551+08:00
p1/probe_stages.py,archive/p1/probe_stages.py,3c4b1091312ebcd4a8247bba52eeffa6afa9c1fe23e7a997f142c949ee958263,168942,2026-09-30T05:09:19.510577+08:00
p1/probe_stages4.py,archive/p1/probe_stages4.py,bb4534af38a4516faac7a10ce73b5f02abea100d25ba27e576cf61fe6eded001,152116,2026-09-30T05:09:19.511746+08:00
p1/probe_stages5.py,archive/p1/probe_stages5.py,3abb1653286e657db3aabaa168ae2ddc46714a4bfdd56e82233d3bf59670ef6f,168942,2026-09-30T05:09:19.512876+08:00
p1/probe_stall.py,archive/p1/probe_stall.py,f1781de91381d7597be621d7b03eebe8d270fef9d4fa0233e19ce925a0a3851d,168261,2026-09-30T05:09:19.513922+08:00
p1/probe_streams.py,archive/p1/probe_streams.py,ff23473848907fe60defe32c9ff499eb274fc9b721d977e87581a4355711eab8,168636,2026-09-30T05:09:19.515057+08:00
p1/probe_tailsweep.py,archive/p1/probe_tailsweep.py,aa51efd3fa722b229b1889ab5dd855f42144cc54bdc6347cf2a58d249f7007b1,155357,2026-09-30T05:09:19.516210+08:00
p1/probe_tcaps.py,archive/p1/probe_tcaps.py,2538fc479674a694f669922f43b3b40594678fbc69184dbfa26aa990c4676682,168779,2026-09-30T05:09:19.517373+08:00
p1/probe_tcaps2.py,archive/p1/probe_tcaps2.py,ac5803716107e6573f0ba1fc50f16f05f85457beb0a5d2127e1cdb5609819f71,168564,2026-09-30T05:09:19.518494+08:00
p1/probe_tilesweep.py,archive/p1/probe_tilesweep.py,615e97ed41b53c72e09aca9d82abb4f8524d369623326d489f756fbcc266deea,132045,2026-09-30T05:09:19.519700+08:00
p1/probe_tma12.py,archive/p1/probe_tma12.py,931d513874c4b2a5866597619cfadd533970911d8bb98c913bcdf4d428b4be53,192463,2026-09-30T05:09:19.520869+08:00
p1/probe_tmagraph.py,archive/p1/probe_tmagraph.py,3c872f6fd298b96a34d92b2f0a13b5f9125b8b67f793f0aae060aeca47902cfb,119652,2026-09-30T05:09:19.522151+08:00
p1/probe_tmasweep.py,archive/p1/probe_tmasweep.py,e9c7aed287ad03fe2b76e3d5ee67ebf657807f049e15c2c10d55935cff0ce161,137731,2026-09-30T05:09:19.523209+08:00
p1/probe_tmsweep.py,archive/p1/probe_tmsweep.py,a512af5e15d397fb498c558fa37ed5e71a82494009c92b1e183eff9362607de8,169365,2026-09-30T05:09:19.524389+08:00
p1/probe_tritongraph.py,archive/p1/probe_tritongraph.py,8f48a37d68f6c1ec09c895d1662af8f113d96f449edcf3da2480683cf76ca300,118366,2026-09-30T05:09:19.525368+08:00
p1/probe_unroll.py,archive/p1/probe_unroll.py,952dfd4bc2e953acb8b1ec40199d3185a64d0d8210504a7b5d112a757dfd5c26,197236,2026-09-30T05:09:19.526589+08:00
p1/probe_unroll2.py,archive/p1/probe_unroll2.py,d8741163fdb57c7efa5467858c8be536d04adb3c8324c84d53b5736a3d44f192,197267,2026-09-30T05:09:19.527677+08:00
p1/probe_unrolldn.py,archive/p1/probe_unrolldn.py,d5e035db724f44866d6ae7e5983b1b3b4037f0f320867b9f910db0e939ac2e09,195326,2026-09-30T05:09:19.528713+08:00
p1/probe_v304_bisect.py,archive/p1/probe_v304_bisect.py,7ca87530af147410295878bc63bbad53b89c568603eb424bec606174d43a1edf,168799,2026-09-30T05:09:19.529834+08:00
p1/probe_veriftest.py,archive/p1/probe_veriftest.py,36546f34ad44ce31208c9c3eaed97192d4e4a9d0833c019b6b2ffd3f8e9023dc,125898,2026-09-30T05:09:19.530958+08:00
p1/probe_w4a8.py,archive/p1/probe_w4a8.py,d7651267109f84dec587723ab7097172dda765e575fd1e2d9ebb6caeb9b24d68,174106,2026-09-30T05:09:19.532152+08:00
p1/probe_w4a8b.py,archive/p1/probe_w4a8b.py,7954b58f9200f4c5a4e22ccc3bb96cc703bb3a79465d9e978a2b823facf1371c,174451,2026-09-30T05:09:19.533318+08:00
p1/probe_w4a8c.py,archive/p1/probe_w4a8c.py,1e69204d3bfe1424b0ff1f66a48e16bd624a919f01179f60416ffb7214eb5940,174450,2026-09-30T05:09:19.534418+08:00
p1/probe_wdist.py,archive/p1/probe_wdist.py,747879e3a5aac04df88a0864188a7801dfa54c11abf4b295c20a990bd2b25eb9,168658,2026-09-30T05:09:19.535568+08:00
p1/probe_wscfg.py,archive/p1/probe_wscfg.py,1d4d5699f70fd69041cc1c1bc8b22ba1d852d15a83ca23083507d42991e78b4b,172709,2026-09-30T05:09:19.536611+08:00
p1/probe_wscfg_b.py,archive/p1/probe_wscfg_b.py,dec95e540127af159131fc47014002c147264c6a1949c371cdc3439999857cd2,172709,2026-09-30T05:09:19.537789+08:00
p1/probe_wsort.py,archive/p1/probe_wsort.py,aa6651d2f4c1207133acf436a95a7ca787ae31f27ab2ce36551508efc411513a,172711,2026-09-30T05:09:19.539105+08:00
p1/probe_wspec.py,archive/p1/probe_wspec.py,681d8fdad4086c40f46eec942cee0e6f0459cd73cb95025ab06d2d1c4eb8caf9,172772,2026-09-30T05:09:19.540199+08:00
p1/probe_xsum.py,archive/p1/probe_xsum.py,c90968140f23324dc90b8c4d39ad0968c1d0c82b7b5784e7f3070277caa0d0c7,178864,2026-09-30T05:09:19.541234+08:00
p1/probe_xsum2.py,archive/p1/probe_xsum2.py,053114db578dd76e12480fd3ab9e786bcb41a97f860ac83b4a8fd994dc29864c,178865,2026-09-30T05:09:19.542253+08:00
p1/probe_xsum7.py,archive/p1/probe_xsum7.py,123dd721ff8294514e7f72d9f58a97172b1fb4ba890edc82d75010a9c8c46f1a,178865,2026-09-30T05:09:19.543457+08:00
p1/probe_xsumt.py,archive/p1/probe_xsumt.py,db735be155e259df5de4319f2c3fec6f79686172548550bda17d62880853a478,179034,2026-09-30T05:09:19.544547+08:00
p1/sbx_flatten_L0.py,archive/p1/sbx_flatten_L0.py,c0785e163e9a11ad80c39ca716ec41c27f2127c4b64e3d4883c428c7312e1163,3912,2026-09-30T05:09:19.545533+08:00
p1/sbx_multicast_M0.py,archive/p1/sbx_multicast_M0.py,d0bd580cadc32e16729a58afe01860ecf91f427b3439166789dc39b9610ed975,2400,2026-09-30T05:09:19.546638+08:00
OPTIMIZATION_GUIDE_2026-09-27.md,archive/guides/OPTIMIZATION_GUIDE_2026-09-27.md,5b984da8dcbc2671083f88b9c97d53e340a7259e34ce8fcbcb29ee6eaeb7312f,41797,2026-09-30T05:13:05.259677+08:00
OPTIMIZATION_GUIDE_2026-09-30.md,archive/guides/OPTIMIZATION_GUIDE_2026-09-30.md,275eb83fe8a111788928b412c90536fac2c761ec7a875c87b3465ae6c688a560,39320,2026-09-30T05:13:05.260483+08:00
OPTIMIZATION_GUIDE_V844_2026-09-27.md,archive/guides/OPTIMIZATION_GUIDE_V844_2026-09-27.md,5cf99df80fd283ddfaef035e809d82fb393ea093bcca295307b2e243f4b80497,43372,2026-09-30T05:13:05.261354+08:00
OPTIMIZATION_GUIDE_V890_2026-09-29.md,archive/guides/OPTIMIZATION_GUIDE_V890_2026-09-29.md,bb98b4e64c8d7173fdae09a9079288f3fc5e9096ef15306922a0546f6548c85c,46749,2026-09-30T05:13:05.262185+08:00
